Experiment_Name,PPG_state,VDD,VCC,ERASE_PROG,OUT1,OUT2,KGAIN1,KGAIN2,TRIM1,TRIM2,X2,IREFP,F11,F12,X1,IMEAS,OUT1_current,OUT2_current
4q_mult,ERASE,1.8,5.0,5.0,1.8,1.8,0.0,0.0,1e-07,1e-07,5e-08,1e-07,0.0,5e-08,0.0,5e-08,1.7335e-12,1.0975e-05
4q_mult,PROGRAM,1.8,5.0,0.0,1.8,1.8,0.0,0.0,1e-07,1e-07,5e-08,1e-07,0.0,5e-08,0.0,5e-08,1.4845e-12,7.6495e-09
4q_mult,ERASE,1.8,5.0,5.0,1.8,1.8,0.0,0.0,1e-07,1e-07,5e-08,1e-07,2.5e-08,5e-08,0.0,5e-08,2.7355e-12,1.0675e-05
4q_mult,PROGRAM,1.8,5.0,0.0,1.8,1.8,0.0,0.0,1e-07,1e-07,5e-08,1e-07,2.5e-08,5e-08,0.0,5e-08,1.489e-12,1.2635e-08
4q_mult,ERASE,1.8,5.0,5.0,1.8,1.8,0.0,0.0,1e-07,1e-07,5e-08,1e-07,5e-08,5e-08,0.0,5e-08,2.126e-10,1.0295e-05
4q_mult,PROGRAM,1.8,5.0,0.0,1.8,1.8,0.0,0.0,1e-07,1e-07,5e-08,1e-07,5e-08,5e-08,0.0,5e-08,1.729e-12,1.409e-08
4q_mult,ERASE,1.8,5.0,5.0,1.8,1.8,0.0,0.0,1e-07,1e-07,5e-08,1e-07,7.5e-08,5e-08,0.0,5e-08,4.135e-10,8.482e-06
4q_mult,PROGRAM,1.8,5.0,0.0,1.8,1.8,0.0,0.0,1e-07,1e-07,5e-08,1e-07,7.5e-08,5e-08,0.0,5e-08,1.4925e-12,1.3095e-09
4q_mult,ERASE,1.8,5.0,5.0,1.8,1.8,0.0,0.0,1e-07,1e-07,5e-08,1e-07,1e-07,5e-08,0.0,5e-08,1.212e-09,6.3905e-06
4q_mult,PROGRAM,1.8,5.0,0.0,1.8,1.8,0.0,0.0,1e-07,1e-07,5e-08,1e-07,1e-07,5e-08,0.0,5e-08,1.4445e-12,6.4815e-10
4q_mult,ERASE,1.8,5.0,5.0,1.8,1.8,0.0,0.0,1e-07,1e-07,5e-08,1e-07,0.0,5e-08,4.9999999999999985e-09,5e-08,1.3775e-08,1.0915e-05
4q_mult,PROGRAM,1.8,5.0,0.0,1.8,1.8,0.0,0.0,1e-07,1e-07,5e-08,1e-07,0.0,5e-08,4.9999999999999985e-09,5e-08,7.1365e-06,4.2845e-10
4q_mult,ERASE,1.8,5.0,5.0,1.8,1.8,0.0,0.0,1e-07,1e-07,5e-08,1e-07,2.5e-08,5e-08,4.9999999999999985e-09,5e-08,9.343e-06,5.5895e-10
4q_mult,PROGRAM,1.8,5.0,0.0,1.8,1.8,0.0,0.0,1e-07,1e-07,5e-08,1e-07,2.5e-08,5e-08,4.9999999999999985e-09,5e-08,7.2015e-06,5.6055e-10
4q_mult,ERASE,1.8,5.0,5.0,1.8,1.8,0.0,0.0,1e-07,1e-07,5e-08,1e-07,5e-08,5e-08,4.9999999999999985e-09,5e-08,1.0835e-05,5.7425e-07
4q_mult,PROGRAM,1.8,5.0,0.0,1.8,1.8,0.0,0.0,1e-07,1e-07,5e-08,1e-07,5e-08,5e-08,4.9999999999999985e-09,5e-08,9.014e-06,1.019e-09
4q_mult,ERASE,1.8,5.0,5.0,1.8,1.8,0.0,0.0,1e-07,1e-07,5e-08,1e-07,7.5e-08,5e-08,4.9999999999999985e-09,5e-08,2.345e-08,7.785e-06
4q_mult,PROGRAM,1.8,5.0,0.0,1.8,1.8,0.0,0.0,1e-07,1e-07,5e-08,1e-07,7.5e-08,5e-08,4.9999999999999985e-09,5e-08,8.673e-06,7.8525e-10
4q_mult,ERASE,1.8,5.0,5.0,1.8,1.8,0.0,0.0,1e-07,1e-07,5e-08,1e-07,1e-07,5e-08,4.9999999999999985e-09,5e-08,7.135e-08,8.6245e-06
4q_mult,PROGRAM,1.8,5.0,0.0,1.8,1.8,0.0,0.0,1e-07,1e-07,5e-08,1e-07,1e-07,5e-08,4.9999999999999985e-09,5e-08,6.7605e-06,8.6295e-10
4q_mult,ERASE,1.8,5.0,5.0,1.8,1.8,0.0,0.0,1e-07,1e-07,5e-08,1e-07,0.0,5e-08,9.999999999999997e-09,5e-08,6.615e-06,5.9245e-06
4q_mult,PROGRAM,1.8,5.0,0.0,1.8,1.8,0.0,0.0,1e-07,1e-07,5e-08,1e-07,0.0,5e-08,9.999999999999997e-09,5e-08,1.1252e-05,2.545e-08
4q_mult,ERASE,1.8,5.0,5.0,1.8,1.8,0.0,0.0,1e-07,1e-07,5e-08,1e-07,2.5e-08,5e-08,9.999999999999997e-09,5e-08,2.205e-08,1.0685e-05
4q_mult,PROGRAM,1.8,5.0,0.0,1.8,1.8,0.0,0.0,1e-07,1e-07,5e-08,1e-07,2.5e-08,5e-08,9.999999999999997e-09,5e-08,1.121e-05,2.3025e-08
4q_mult,ERASE,1.8,5.0,5.0,1.8,1.8,0.0,0.0,1e-07,1e-07,5e-08,1e-07,5e-08,5e-08,9.999999999999997e-09,5e-08,2.9705e-08,1.0265e-05
4q_mult,PROGRAM,1.8,5.0,0.0,1.8,1.8,0.0,0.0,1e-07,1e-07,5e-08,1e-07,5e-08,5e-08,9.999999999999997e-09,5e-08,1.116e-05,2.7515e-08
4q_mult,ERASE,1.8,5.0,5.0,1.8,1.8,0.0,0.0,1e-07,1e-07,5e-08,1e-07,7.5e-08,5e-08,9.999999999999997e-09,5e-08,2.072e-07,8.113e-06
4q_mult,PROGRAM,1.8,5.0,0.0,1.8,1.8,0.0,0.0,1e-07,1e-07,5e-08,1e-07,7.5e-08,5e-08,9.999999999999997e-09,5e-08,1.178e-05,2.3375e-08
4q_mult,ERASE,1.8,5.0,5.0,1.8,1.8,0.0,0.0,1e-07,1e-07,5e-08,1e-07,1e-07,5e-08,9.999999999999997e-09,5e-08,1.382e-07,6.9185e-06
4q_mult,PROGRAM,1.8,5.0,0.0,1.8,1.8,0.0,0.0,1e-07,1e-07,5e-08,1e-07,1e-07,5e-08,9.999999999999997e-09,5e-08,3.2225e-06,7.756e-10
4q_mult,ERASE,1.8,5.0,5.0,1.8,1.8,0.0,0.0,1e-07,1e-07,5e-08,1e-07,0.0,5e-08,1.5000000000000002e-08,5e-08,3.9895e-08,1.095e-05
4q_mult,PROGRAM,1.8,5.0,0.0,1.8,1.8,0.0,0.0,1e-07,1e-07,5e-08,1e-07,0.0,5e-08,1.5000000000000002e-08,5e-08,1.1265e-05,2.7305e-08
4q_mult,ERASE,1.8,5.0,5.0,1.8,1.8,0.0,0.0,1e-07,1e-07,5e-08,1e-07,2.5e-08,5e-08,1.5000000000000002e-08,5e-08,7.21e-06,2.744e-06
4q_mult,PROGRAM,1.8,5.0,0.0,1.8,1.8,0.0,0.0,1e-07,1e-07,5e-08,1e-07,2.5e-08,5e-08,1.5000000000000002e-08,5e-08,1.142e-05,2.081e-08
4q_mult,ERASE,1.8,5.0,5.0,1.8,1.8,0.0,0.0,1e-07,1e-07,5e-08,1e-07,5e-08,5e-08,1.5000000000000002e-08,5e-08,8.0155e-06,9.459e-06
4q_mult,PROGRAM,1.8,5.0,0.0,1.8,1.8,0.0,0.0,1e-07,1e-07,5e-08,1e-07,5e-08,5e-08,1.5000000000000002e-08,5e-08,1.111e-05,2.38e-08
4q_mult,ERASE,1.8,5.0,5.0,1.8,1.8,0.0,0.0,1e-07,1e-07,5e-08,1e-07,7.5e-08,5e-08,1.5000000000000002e-08,5e-08,1.109e-05,3.2435e-08
4q_mult,PROGRAM,1.8,5.0,0.0,1.8,1.8,0.0,0.0,1e-07,1e-07,5e-08,1e-07,7.5e-08,5e-08,1.5000000000000002e-08,5e-08,1.108e-05,3.0905e-08
4q_mult,ERASE,1.8,5.0,5.0,1.8,1.8,0.0,0.0,1e-07,1e-07,5e-08,1e-07,1e-07,5e-08,1.5000000000000002e-08,5e-08,2.252e-07,7.293e-06
4q_mult,PROGRAM,1.8,5.0,0.0,1.8,1.8,0.0,0.0,1e-07,1e-07,5e-08,1e-07,1e-07,5e-08,1.5000000000000002e-08,5e-08,1.099e-05,1.876e-08
4q_mult,ERASE,1.8,5.0,5.0,1.8,1.8,0.0,0.0,1e-07,1e-07,5e-08,1e-07,0.0,5e-08,2e-08,5e-08,1.37e-07,1.0965e-05
4q_mult,PROGRAM,1.8,5.0,0.0,1.8,1.8,0.0,0.0,1e-07,1e-07,5e-08,1e-07,0.0,5e-08,2e-08,5e-08,1.114e-05,3.075e-08
4q_mult,ERASE,1.8,5.0,5.0,1.8,1.8,0.0,0.0,1e-07,1e-07,5e-08,1e-07,2.5e-08,5e-08,2e-08,5e-08,6.206e-08,1.039e-05
4q_mult,PROGRAM,1.8,5.0,0.0,1.8,1.8,0.0,0.0,1e-07,1e-07,5e-08,1e-07,2.5e-08,5e-08,2e-08,5e-08,1.113e-05,2.7415e-08
4q_mult,ERASE,1.8,5.0,5.0,1.8,1.8,0.0,0.0,1e-07,1e-07,5e-08,1e-07,5e-08,5e-08,2e-08,5e-08,7.4285e-08,1.009e-05
4q_mult,PROGRAM,1.8,5.0,0.0,1.8,1.8,0.0,0.0,1e-07,1e-07,5e-08,1e-07,5e-08,5e-08,2e-08,5e-08,1.1075e-05,3.031e-08
4q_mult,ERASE,1.8,5.0,5.0,1.8,1.8,0.0,0.0,1e-07,1e-07,5e-08,1e-07,7.5e-08,5e-08,2e-08,5e-08,1.2745e-07,8.994e-06
4q_mult,PROGRAM,1.8,5.0,0.0,1.8,1.8,0.0,0.0,1e-07,1e-07,5e-08,1e-07,7.5e-08,5e-08,2e-08,5e-08,1.29e-07,1.755e-09
4q_mult,ERASE,1.8,5.0,5.0,1.8,1.8,0.0,0.0,1e-07,1e-07,5e-08,1e-07,1e-07,5e-08,2e-08,5e-08,4.287e-07,7.625e-06
4q_mult,PROGRAM,1.8,5.0,0.0,1.8,1.8,0.0,0.0,1e-07,1e-07,5e-08,1e-07,1e-07,5e-08,2e-08,5e-08,1.14e-05,1.0935e-08
4q_mult,ERASE,1.8,5.0,5.0,1.8,1.8,0.0,0.0,1e-07,1e-07,5e-08,1e-07,0.0,5e-08,2.5e-08,5e-08,1.8315e-07,1.081e-05
4q_mult,PROGRAM,1.8,5.0,0.0,1.8,1.8,0.0,0.0,1e-07,1e-07,5e-08,1e-07,0.0,5e-08,2.5e-08,5e-08,1.1095e-05,2.7315e-08
4q_mult,ERASE,1.8,5.0,5.0,1.8,1.8,0.0,0.0,1e-07,1e-07,5e-08,1e-07,2.5e-08,5e-08,2.5e-08,5e-08,1.08e-05,1.053e-05
4q_mult,PROGRAM,1.8,5.0,0.0,1.8,1.8,0.0,0.0,1e-07,1e-07,5e-08,1e-07,2.5e-08,5e-08,2.5e-08,5e-08,1.105e-05,3.0685e-08
4q_mult,ERASE,1.8,5.0,5.0,1.8,1.8,0.0,0.0,1e-07,1e-07,5e-08,1e-07,5e-08,5e-08,2.5e-08,5e-08,1.1125e-07,1.0025e-05
4q_mult,PROGRAM,1.8,5.0,0.0,1.8,1.8,0.0,0.0,1e-07,1e-07,5e-08,1e-07,5e-08,5e-08,2.5e-08,5e-08,1.1025e-05,2.5555e-08
4q_mult,ERASE,1.8,5.0,5.0,1.8,1.8,0.0,0.0,1e-07,1e-07,5e-08,1e-07,7.5e-08,5e-08,2.5e-08,5e-08,1.105e-05,2.561e-08
4q_mult,PROGRAM,1.8,5.0,0.0,1.8,1.8,0.0,0.0,1e-07,1e-07,5e-08,1e-07,7.5e-08,5e-08,2.5e-08,5e-08,1.6315e-05,2.1025e-08
4q_mult,ERASE,1.8,5.0,5.0,1.8,1.8,0.0,0.0,1e-07,1e-07,5e-08,1e-07,1e-07,5e-08,2.5e-08,5e-08,3.514e-07,8.1915e-06
4q_mult,PROGRAM,1.8,5.0,0.0,1.8,1.8,0.0,0.0,1e-07,1e-07,5e-08,1e-07,1e-07,5e-08,2.5e-08,5e-08,1.1485e-05,1.265e-08
4q_mult,ERASE,1.8,5.0,5.0,1.8,1.8,0.0,0.0,1e-07,1e-07,5e-08,1e-07,0.0,5e-08,3e-08,5e-08,7.085e-06,5.0365e-06
4q_mult,PROGRAM,1.8,5.0,0.0,1.8,1.8,0.0,0.0,1e-07,1e-07,5e-08,1e-07,0.0,5e-08,3e-08,5e-08,1.125e-05,4.832e-08
4q_mult,ERASE,1.8,5.0,5.0,1.8,1.8,0.0,0.0,1e-07,1e-07,5e-08,1e-07,2.5e-08,5e-08,3e-08,5e-08,1.3105e-07,1.011e-05
4q_mult,PROGRAM,1.8,5.0,0.0,1.8,1.8,0.0,0.0,1e-07,1e-07,5e-08,1e-07,2.5e-08,5e-08,3e-08,5e-08,1.0945e-05,4.7785e-08
4q_mult,ERASE,1.8,5.0,5.0,1.8,1.8,0.0,0.0,1e-07,1e-07,5e-08,1e-07,5e-08,5e-08,3e-08,5e-08,9.6995e-06,1.6585e-06
4q_mult,PROGRAM,1.8,5.0,0.0,1.8,1.8,0.0,0.0,1e-07,1e-07,5e-08,1e-07,5e-08,5e-08,3e-08,5e-08,1.0815e-05,1.084e-08
4q_mult,ERASE,1.8,5.0,5.0,1.8,1.8,0.0,0.0,1e-07,1e-07,5e-08,1e-07,7.5e-08,5e-08,3e-08,5e-08,8.805e-06,1.706e-06
4q_mult,PROGRAM,1.8,5.0,0.0,1.8,1.8,0.0,0.0,1e-07,1e-07,5e-08,1e-07,7.5e-08,5e-08,3e-08,5e-08,1.0913e-05,3.591e-08
4q_mult,ERASE,1.8,5.0,5.0,1.8,1.8,0.0,0.0,1e-07,1e-07,5e-08,1e-07,1e-07,5e-08,3e-08,5e-08,4.0645e-07,8.861e-06
4q_mult,PROGRAM,1.8,5.0,0.0,1.8,1.8,0.0,0.0,1e-07,1e-07,5e-08,1e-07,1e-07,5e-08,3e-08,5e-08,1.2245e-05,8.765e-09
4q_mult,ERASE,1.8,5.0,5.0,1.8,1.8,0.0,0.0,1e-07,1e-07,5e-08,1e-07,0.0,5e-08,3.4999999999999996e-08,5e-08,6.9985e-06,4.883e-06
4q_mult,PROGRAM,1.8,5.0,0.0,1.8,1.8,0.0,0.0,1e-07,1e-07,5e-08,1e-07,0.0,5e-08,3.4999999999999996e-08,5e-08,8.39e-06,1.874e-08
4q_mult,ERASE,1.8,5.0,5.0,1.8,1.8,0.0,0.0,1e-07,1e-07,5e-08,1e-07,2.5e-08,5e-08,3.4999999999999996e-08,5e-08,1.668e-07,9.922e-06
4q_mult,PROGRAM,1.8,5.0,0.0,1.8,1.8,0.0,0.0,1e-07,1e-07,5e-08,1e-07,2.5e-08,5e-08,3.4999999999999996e-08,5e-08,1.075e-05,2.185e-08
4q_mult,ERASE,1.8,5.0,5.0,1.8,1.8,0.0,0.0,1e-07,1e-07,5e-08,1e-07,5e-08,5e-08,3.4999999999999996e-08,5e-08,8.0545e-06,2.1225e-06
4q_mult,PROGRAM,1.8,5.0,0.0,1.8,1.8,0.0,0.0,1e-07,1e-07,5e-08,1e-07,5e-08,5e-08,3.4999999999999996e-08,5e-08,1.1585e-05,2.0595e-08
4q_mult,ERASE,1.8,5.0,5.0,1.8,1.8,0.0,0.0,1e-07,1e-07,5e-08,1e-07,7.5e-08,5e-08,3.4999999999999996e-08,5e-08,3.307e-07,9.6895e-06
4q_mult,PROGRAM,1.8,5.0,0.0,1.8,1.8,0.0,0.0,1e-07,1e-07,5e-08,1e-07,7.5e-08,5e-08,3.4999999999999996e-08,5e-08,7.975e-06,1.257e-08
4q_mult,ERASE,1.8,5.0,5.0,1.8,1.8,0.0,0.0,1e-07,1e-07,5e-08,1e-07,1e-07,5e-08,3.4999999999999996e-08,5e-08,4.475e-07,9.5225e-06
4q_mult,PROGRAM,1.8,5.0,0.0,1.8,1.8,0.0,0.0,1e-07,1e-07,5e-08,1e-07,1e-07,5e-08,3.4999999999999996e-08,5e-08,7.38e-06,7.855e-09
4q_mult,ERASE,1.8,5.0,5.0,1.8,1.8,0.0,0.0,1e-07,1e-07,5e-08,1e-07,0.0,5e-08,4e-08,5e-08,7.09e-06,4.5685e-06
4q_mult,PROGRAM,1.8,5.0,0.0,1.8,1.8,0.0,0.0,1e-07,1e-07,5e-08,1e-07,0.0,5e-08,4e-08,5e-08,1.221e-05,1.0455e-08
4q_mult,ERASE,1.8,5.0,5.0,1.8,1.8,0.0,0.0,1e-07,1e-07,5e-08,1e-07,2.5e-08,5e-08,4e-08,5e-08,3.5195e-07,9.7535e-06
4q_mult,PROGRAM,1.8,5.0,0.0,1.8,1.8,0.0,0.0,1e-07,1e-07,5e-08,1e-07,2.5e-08,5e-08,4e-08,5e-08,8.19e-06,1.166e-08
4q_mult,ERASE,1.8,5.0,5.0,1.8,1.8,0.0,0.0,1e-07,1e-07,5e-08,1e-07,5e-08,5e-08,4e-08,5e-08,8.5175e-06,2.2055e-06
4q_mult,PROGRAM,1.8,5.0,0.0,1.8,1.8,0.0,0.0,1e-07,1e-07,5e-08,1e-07,5e-08,5e-08,4e-08,5e-08,9.785e-06,1.307e-08
4q_mult,ERASE,1.8,5.0,5.0,1.8,1.8,0.0,0.0,1e-07,1e-07,5e-08,1e-07,7.5e-08,5e-08,4e-08,5e-08,8.1005e-06,1.6445e-06
4q_mult,PROGRAM,1.8,5.0,0.0,1.8,1.8,0.0,0.0,1e-07,1e-07,5e-08,1e-07,7.5e-08,5e-08,4e-08,5e-08,1.3445e-05,9.095e-09
4q_mult,ERASE,1.8,5.0,5.0,1.8,1.8,0.0,0.0,1e-07,1e-07,5e-08,1e-07,1e-07,5e-08,4e-08,5e-08,4.787e-07,9.495e-06
4q_mult,PROGRAM,1.8,5.0,0.0,1.8,1.8,0.0,0.0,1e-07,1e-07,5e-08,1e-07,1e-07,5e-08,4e-08,5e-08,9.65e-06,7.569e-09
4q_mult,ERASE,1.8,5.0,5.0,1.8,1.8,0.0,0.0,1e-07,1e-07,5e-08,1e-07,0.0,5e-08,4.5e-08,5e-08,7.121e-06,4.313e-06
4q_mult,PROGRAM,1.8,5.0,0.0,1.8,1.8,0.0,0.0,1e-07,1e-07,5e-08,1e-07,0.0,5e-08,4.5e-08,5e-08,6.807e-06,1.1045e-09
4q_mult,ERASE,1.8,5.0,5.0,1.8,1.8,0.0,0.0,1e-07,1e-07,5e-08,1e-07,2.5e-08,5e-08,4.5e-08,5e-08,8.494e-06,1.813e-06
4q_mult,PROGRAM,1.8,5.0,0.0,1.8,1.8,0.0,0.0,1e-07,1e-07,5e-08,1e-07,2.5e-08,5e-08,4.5e-08,5e-08,9.575e-06,8.65e-09
4q_mult,ERASE,1.8,5.0,5.0,1.8,1.8,0.0,0.0,1e-07,1e-07,5e-08,1e-07,5e-08,5e-08,4.5e-08,5e-08,8.119e-06,1.738e-06
4q_mult,PROGRAM,1.8,5.0,0.0,1.8,1.8,0.0,0.0,1e-07,1e-07,5e-08,1e-07,5e-08,5e-08,4.5e-08,5e-08,9.925e-06,8.49e-09
4q_mult,ERASE,1.8,5.0,5.0,1.8,1.8,0.0,0.0,1e-07,1e-07,5e-08,1e-07,7.5e-08,5e-08,4.5e-08,5e-08,7.9915e-06,1.752e-06
4q_mult,PROGRAM,1.8,5.0,0.0,1.8,1.8,0.0,0.0,1e-07,1e-07,5e-08,1e-07,7.5e-08,5e-08,4.5e-08,5e-08,9.935e-06,8.855e-07
4q_mult,ERASE,1.8,5.0,5.0,1.8,1.8,0.0,0.0,1e-07,1e-07,5e-08,1e-07,1e-07,5e-08,4.5e-08,5e-08,5.1035e-07,9.4745e-06
4q_mult,PROGRAM,1.8,5.0,0.0,1.8,1.8,0.0,0.0,1e-07,1e-07,5e-08,1e-07,1e-07,5e-08,4.5e-08,5e-08,8.415e-06,7.6165e-09
4q_mult,ERASE,1.8,5.0,5.0,1.8,1.8,0.0,0.0,1e-07,1e-07,5e-08,1e-07,0.0,5e-08,5e-08,5e-08,9.289e-06,2.183e-06
4q_mult,PROGRAM,1.8,5.0,0.0,1.8,1.8,0.0,0.0,1e-07,1e-07,5e-08,1e-07,0.0,5e-08,5e-08,5e-08,9.3845e-06,1.064e-09
4q_mult,ERASE,1.8,5.0,5.0,1.8,1.8,0.0,0.0,1e-07,1e-07,5e-08,1e-07,2.5e-08,5e-08,5e-08,5e-08,1.022e-05,1.03685e-06
4q_mult,PROGRAM,1.8,5.0,0.0,1.8,1.8,0.0,0.0,1e-07,1e-07,5e-08,1e-07,2.5e-08,5e-08,5e-08,5e-08,1.017e-05,2.6965e-07
4q_mult,ERASE,1.8,5.0,5.0,1.8,1.8,0.0,0.0,1e-07,1e-07,5e-08,1e-07,5e-08,5e-08,5e-08,5e-08,1.035e-05,1.00415e-06
4q_mult,PROGRAM,1.8,5.0,0.0,1.8,1.8,0.0,0.0,1e-07,1e-07,5e-08,1e-07,5e-08,5e-08,5e-08,5e-08,9.875e-06,2.8265e-09
4q_mult,ERASE,1.8,5.0,5.0,1.8,1.8,0.0,0.0,1e-07,1e-07,5e-08,1e-07,7.5e-08,5e-08,5e-08,5e-08,9.42e-06,4.829e-06
4q_mult,PROGRAM,1.8,5.0,0.0,1.8,1.8,0.0,0.0,1e-07,1e-07,5e-08,1e-07,7.5e-08,5e-08,5e-08,5e-08,9.475e-06,5.3625e-09
4q_mult,ERASE,1.8,5.0,5.0,1.8,1.8,0.0,0.0,1e-07,1e-07,5e-08,1e-07,1e-07,5e-08,5e-08,5e-08,7.6145e-06,1.9195e-06
4q_mult,PROGRAM,1.8,5.0,0.0,1.8,1.8,0.0,0.0,1e-07,1e-07,5e-08,1e-07,1e-07,5e-08,5e-08,5e-08,1.0036e-05,6.75e-07
4q_mult,ERASE,1.8,5.0,5.0,1.8,1.8,0.0,0.0,1e-07,1e-07,5e-08,1e-07,0.0,5e-08,5.5e-08,5e-08,1.0335e-05,1.737e-06
4q_mult,PROGRAM,1.8,5.0,0.0,1.8,1.8,0.0,0.0,1e-07,1e-07,5e-08,1e-07,0.0,5e-08,5.5e-08,5e-08,3.4895e-07,8.457e-10
4q_mult,ERASE,1.8,5.0,5.0,1.8,1.8,0.0,0.0,1e-07,1e-07,5e-08,1e-07,2.5e-08,5e-08,5.5e-08,5e-08,1.022e-05,1.03115e-06
4q_mult,PROGRAM,1.8,5.0,0.0,1.8,1.8,0.0,0.0,1e-07,1e-07,5e-08,1e-07,2.5e-08,5e-08,5.5e-08,5e-08,6.37e-07,8.4225e-10
4q_mult,ERASE,1.8,5.0,5.0,1.8,1.8,0.0,0.0,1e-07,1e-07,5e-08,1e-07,5e-08,5e-08,5.5e-08,5e-08,1.0465e-05,7.4845e-07
4q_mult,PROGRAM,1.8,5.0,0.0,1.8,1.8,0.0,0.0,1e-07,1e-07,5e-08,1e-07,5e-08,5e-08,5.5e-08,5e-08,2.3285e-06,8.575e-10
4q_mult,ERASE,1.8,5.0,5.0,1.8,1.8,0.0,0.0,1e-07,1e-07,5e-08,1e-07,7.5e-08,5e-08,5.5e-08,5e-08,7.0105e-06,5.093e-06
4q_mult,PROGRAM,1.8,5.0,0.0,1.8,1.8,0.0,0.0,1e-07,1e-07,5e-08,1e-07,7.5e-08,5e-08,5.5e-08,5e-08,6.115e-06,3.881e-09
4q_mult,ERASE,1.8,5.0,5.0,1.8,1.8,0.0,0.0,1e-07,1e-07,5e-08,1e-07,1e-07,5e-08,5.5e-08,5e-08,7.136e-06,9.4925e-06
4q_mult,PROGRAM,1.8,5.0,0.0,1.8,1.8,0.0,0.0,1e-07,1e-07,5e-08,1e-07,1e-07,5e-08,5.5e-08,5e-08,8.79e-06,1.574e-08
4q_mult,ERASE,1.8,5.0,5.0,1.8,1.8,0.0,0.0,1e-07,1e-07,5e-08,1e-07,0.0,5e-08,6e-08,5e-08,8.5975e-06,2.979e-06
4q_mult,PROGRAM,1.8,5.0,0.0,1.8,1.8,0.0,0.0,1e-07,1e-07,5e-08,1e-07,0.0,5e-08,6e-08,5e-08,8.66e-06,1.887e-09
4q_mult,ERASE,1.8,5.0,5.0,1.8,1.8,0.0,0.0,1e-07,1e-07,5e-08,1e-07,2.5e-08,5e-08,6e-08,5e-08,9.023e-06,2.8325e-06
4q_mult,PROGRAM,1.8,5.0,0.0,1.8,1.8,0.0,0.0,1e-07,1e-07,5e-08,1e-07,2.5e-08,5e-08,6e-08,5e-08,3.7925e-07,3.1095e-09
4q_mult,ERASE,1.8,5.0,5.0,1.8,1.8,0.0,0.0,1e-07,1e-07,5e-08,1e-07,5e-08,5e-08,6e-08,5e-08,9.533e-06,1.7805e-06
4q_mult,PROGRAM,1.8,5.0,0.0,1.8,1.8,0.0,0.0,1e-07,1e-07,5e-08,1e-07,5e-08,5e-08,6e-08,5e-08,4.895e-07,2.1515e-09
4q_mult,ERASE,1.8,5.0,5.0,1.8,1.8,0.0,0.0,1e-07,1e-07,5e-08,1e-07,7.5e-08,5e-08,6e-08,5e-08,8.2025e-06,2.108e-06
4q_mult,PROGRAM,1.8,5.0,0.0,1.8,1.8,0.0,0.0,1e-07,1e-07,5e-08,1e-07,7.5e-08,5e-08,6e-08,5e-08,1.04e-05,9.49e-09
4q_mult,ERASE,1.8,5.0,5.0,1.8,1.8,0.0,0.0,1e-07,1e-07,5e-08,1e-07,1e-07,5e-08,6e-08,5e-08,6.8725e-06,3.4975e-06
4q_mult,PROGRAM,1.8,5.0,0.0,1.8,1.8,0.0,0.0,1e-07,1e-07,5e-08,1e-07,1e-07,5e-08,6e-08,5e-08,9.035e-06,1.5815e-08
4q_mult,ERASE,1.8,5.0,5.0,1.8,1.8,0.0,0.0,1e-07,1e-07,5e-08,1e-07,0.0,5e-08,6.5e-08,5e-08,8.574e-06,3.123e-06
4q_mult,PROGRAM,1.8,5.0,0.0,1.8,1.8,0.0,0.0,1e-07,1e-07,5e-08,1e-07,0.0,5e-08,6.5e-08,5e-08,1.9145e-07,2.4235e-09
4q_mult,ERASE,1.8,5.0,5.0,1.8,1.8,0.0,0.0,1e-07,1e-07,5e-08,1e-07,2.5e-08,5e-08,6.5e-08,5e-08,9.4095e-06,1.7985e-06
4q_mult,PROGRAM,1.8,5.0,0.0,1.8,1.8,0.0,0.0,1e-07,1e-07,5e-08,1e-07,2.5e-08,5e-08,6.5e-08,5e-08,2.9755e-07,1.9425e-09
4q_mult,ERASE,1.8,5.0,5.0,1.8,1.8,0.0,0.0,1e-07,1e-07,5e-08,1e-07,5e-08,5e-08,6.5e-08,5e-08,9.7535e-06,1.692e-06
4q_mult,PROGRAM,1.8,5.0,0.0,1.8,1.8,0.0,0.0,1e-07,1e-07,5e-08,1e-07,5e-08,5e-08,6.5e-08,5e-08,9.446e-06,2.1025e-09
4q_mult,ERASE,1.8,5.0,5.0,1.8,1.8,0.0,0.0,1e-07,1e-07,5e-08,1e-07,7.5e-08,5e-08,6.5e-08,5e-08,8.0135e-06,2.122e-06
4q_mult,PROGRAM,1.8,5.0,0.0,1.8,1.8,0.0,0.0,1e-07,1e-07,5e-08,1e-07,7.5e-08,5e-08,6.5e-08,5e-08,9.755e-06,6.417e-09
4q_mult,ERASE,1.8,5.0,5.0,1.8,1.8,0.0,0.0,1e-07,1e-07,5e-08,1e-07,1e-07,5e-08,6.5e-08,5e-08,6.6595e-06,5.2485e-06
4q_mult,PROGRAM,1.8,5.0,0.0,1.8,1.8,0.0,0.0,1e-07,1e-07,5e-08,1e-07,1e-07,5e-08,6.5e-08,5e-08,4.153e-06,4.9085e-06
4q_mult,ERASE,1.8,5.0,5.0,1.8,1.8,0.0,0.0,1e-07,1e-07,5e-08,1e-07,0.0,5e-08,6.999999999999999e-08,5e-08,9.26e-06,2.1825e-06
4q_mult,PROGRAM,1.8,5.0,0.0,1.8,1.8,0.0,0.0,1e-07,1e-07,5e-08,1e-07,0.0,5e-08,6.999999999999999e-08,5e-08,8.668e-06,2.8845e-06
4q_mult,ERASE,1.8,5.0,5.0,1.8,1.8,0.0,0.0,1e-07,1e-07,5e-08,1e-07,2.5e-08,5e-08,6.999999999999999e-08,5e-08,9.243e-06,2.137e-06
4q_mult,PROGRAM,1.8,5.0,0.0,1.8,1.8,0.0,0.0,1e-07,1e-07,5e-08,1e-07,2.5e-08,5e-08,6.999999999999999e-08,5e-08,6.893e-06,2.414e-09
4q_mult,ERASE,1.8,5.0,5.0,1.8,1.8,0.0,0.0,1e-07,1e-07,5e-08,1e-07,5e-08,5e-08,6.999999999999999e-08,5e-08,9.1905e-06,2.0625e-06
4q_mult,PROGRAM,1.8,5.0,0.0,1.8,1.8,0.0,0.0,1e-07,1e-07,5e-08,1e-07,5e-08,5e-08,6.999999999999999e-08,5e-08,6.8005e-06,2.491e-09
4q_mult,ERASE,1.8,5.0,5.0,1.8,1.8,0.0,0.0,1e-07,1e-07,5e-08,1e-07,7.5e-08,5e-08,6.999999999999999e-08,5e-08,7.4945e-06,2.438e-06
4q_mult,PROGRAM,1.8,5.0,0.0,1.8,1.8,0.0,0.0,1e-07,1e-07,5e-08,1e-07,7.5e-08,5e-08,6.999999999999999e-08,5e-08,9.335e-06,3.904e-09
4q_mult,ERASE,1.8,5.0,5.0,1.8,1.8,0.0,0.0,1e-07,1e-07,5e-08,1e-07,1e-07,5e-08,6.999999999999999e-08,5e-08,6.6135e-06,5.505e-06
4q_mult,PROGRAM,1.8,5.0,0.0,1.8,1.8,0.0,0.0,1e-07,1e-07,5e-08,1e-07,1e-07,5e-08,6.999999999999999e-08,5e-08,1.1345e-05,1.2655e-08
4q_mult,ERASE,1.8,5.0,5.0,1.8,1.8,0.0,0.0,1e-07,1e-07,5e-08,1e-07,0.0,5e-08,7.5e-08,5e-08,8.6265e-06,3.2565e-06
4q_mult,PROGRAM,1.8,5.0,0.0,1.8,1.8,0.0,0.0,1e-07,1e-07,5e-08,1e-07,0.0,5e-08,7.5e-08,5e-08,8.4225e-06,1.547e-06
4q_mult,ERASE,1.8,5.0,5.0,1.8,1.8,0.0,0.0,1e-07,1e-07,5e-08,1e-07,2.5e-08,5e-08,7.5e-08,5e-08,9.4685e-06,1.8485e-06
4q_mult,PROGRAM,1.8,5.0,0.0,1.8,1.8,0.0,0.0,1e-07,1e-07,5e-08,1e-07,2.5e-08,5e-08,7.5e-08,5e-08,9.4245e-06,1.894e-06
4q_mult,ERASE,1.8,5.0,5.0,1.8,1.8,0.0,0.0,1e-07,1e-07,5e-08,1e-07,5e-08,5e-08,7.5e-08,5e-08,8.578e-06,2.898e-06
4q_mult,PROGRAM,1.8,5.0,0.0,1.8,1.8,0.0,0.0,1e-07,1e-07,5e-08,1e-07,5e-08,5e-08,7.5e-08,5e-08,8.6035e-06,2.873e-06
4q_mult,ERASE,1.8,5.0,5.0,1.8,1.8,0.0,0.0,1e-07,1e-07,5e-08,1e-07,7.5e-08,5e-08,7.5e-08,5e-08,8.4315e-06,2.982e-06
4q_mult,PROGRAM,1.8,5.0,0.0,1.8,1.8,0.0,0.0,1e-07,1e-07,5e-08,1e-07,7.5e-08,5e-08,7.5e-08,5e-08,1.0967e-05,2.2865e-09
4q_mult,ERASE,1.8,5.0,5.0,1.8,1.8,0.0,0.0,1e-07,1e-07,5e-08,1e-07,1e-07,5e-08,7.5e-08,5e-08,6.618e-06,5.2445e-06
4q_mult,PROGRAM,1.8,5.0,0.0,1.8,1.8,0.0,0.0,1e-07,1e-07,5e-08,1e-07,1e-07,5e-08,7.5e-08,5e-08,1.04575e-05,1.613e-08
4q_mult,ERASE,1.8,5.0,5.0,1.8,1.8,0.0,0.0,1e-07,1e-07,5e-08,1e-07,0.0,5e-08,8e-08,5e-08,8.78e-06,2.68e-06
4q_mult,PROGRAM,1.8,5.0,0.0,1.8,1.8,0.0,0.0,1e-07,1e-07,5e-08,1e-07,0.0,5e-08,8e-08,5e-08,1.29e-07,1.75e-09
4q_mult,ERASE,1.8,5.0,5.0,1.8,1.8,0.0,0.0,1e-07,1e-07,5e-08,1e-07,2.5e-08,5e-08,8e-08,5e-08,9.187e-06,1.959e-06
4q_mult,PROGRAM,1.8,5.0,0.0,1.8,1.8,0.0,0.0,1e-07,1e-07,5e-08,1e-07,2.5e-08,5e-08,8e-08,5e-08,1.9835e-07,1.6625e-09
4q_mult,ERASE,1.8,5.0,5.0,1.8,1.8,0.0,0.0,1e-07,1e-07,5e-08,1e-07,5e-08,5e-08,8e-08,5e-08,9.0595e-06,1.9665e-06
4q_mult,PROGRAM,1.8,5.0,0.0,1.8,1.8,0.0,0.0,1e-07,1e-07,5e-08,1e-07,5e-08,5e-08,8e-08,5e-08,3.947e-07,1.9155e-09
4q_mult,ERASE,1.8,5.0,5.0,1.8,1.8,0.0,0.0,1e-07,1e-07,5e-08,1e-07,7.5e-08,5e-08,8e-08,5e-08,8.649e-06,2.886e-06
4q_mult,PROGRAM,1.8,5.0,0.0,1.8,1.8,0.0,0.0,1e-07,1e-07,5e-08,1e-07,7.5e-08,5e-08,8e-08,5e-08,8.5085e-06,2.3935e-09
4q_mult,ERASE,1.8,5.0,5.0,1.8,1.8,0.0,0.0,1e-07,1e-07,5e-08,1e-07,1e-07,5e-08,8e-08,5e-08,6.789e-06,4.342e-06
4q_mult,PROGRAM,1.8,5.0,0.0,1.8,1.8,0.0,0.0,1e-07,1e-07,5e-08,1e-07,1e-07,5e-08,8e-08,5e-08,1.06255e-05,4.846e-08
4q_mult,ERASE,1.8,5.0,5.0,1.8,1.8,0.0,0.0,1e-07,1e-07,5e-08,1e-07,0.0,5e-08,8.5e-08,5e-08,7.652e-06,4.0835e-06
4q_mult,PROGRAM,1.8,5.0,0.0,1.8,1.8,0.0,0.0,1e-07,1e-07,5e-08,1e-07,0.0,5e-08,8.5e-08,5e-08,1.2555e-07,2.6575e-09
4q_mult,ERASE,1.8,5.0,5.0,1.8,1.8,0.0,0.0,1e-07,1e-07,5e-08,1e-07,2.5e-08,5e-08,8.5e-08,5e-08,8.6845e-06,2.496e-06
4q_mult,PROGRAM,1.8,5.0,0.0,1.8,1.8,0.0,0.0,1e-07,1e-07,5e-08,1e-07,2.5e-08,5e-08,8.5e-08,5e-08,2.033e-06,2.927e-09
4q_mult,ERASE,1.8,5.0,5.0,1.8,1.8,0.0,0.0,1e-07,1e-07,5e-08,1e-07,5e-08,5e-08,8.5e-08,5e-08,7.57e-06,3.9915e-06
4q_mult,PROGRAM,1.8,5.0,0.0,1.8,1.8,0.0,0.0,1e-07,1e-07,5e-08,1e-07,5e-08,5e-08,8.5e-08,5e-08,3.5995e-07,2.993e-09
4q_mult,ERASE,1.8,5.0,5.0,1.8,1.8,0.0,0.0,1e-07,1e-07,5e-08,1e-07,7.5e-08,5e-08,8.5e-08,5e-08,7.12e-06,4.55e-06
4q_mult,PROGRAM,1.8,5.0,0.0,1.8,1.8,0.0,0.0,1e-07,1e-07,5e-08,1e-07,7.5e-08,5e-08,8.5e-08,5e-08,6.17e-06,1.4475e-09
4q_mult,ERASE,1.8,5.0,5.0,1.8,1.8,0.0,0.0,1e-07,1e-07,5e-08,1e-07,1e-07,5e-08,8.5e-08,5e-08,6.6085e-06,5.2155e-06
4q_mult,PROGRAM,1.8,5.0,0.0,1.8,1.8,0.0,0.0,1e-07,1e-07,5e-08,1e-07,1e-07,5e-08,8.5e-08,5e-08,1.058e-05,6.9445e-08
4q_mult,ERASE,1.8,5.0,5.0,1.8,1.8,0.0,0.0,1e-07,1e-07,5e-08,1e-07,0.0,5e-08,9e-08,5e-08,7.681e-06,4.0185e-06
4q_mult,PROGRAM,1.8,5.0,0.0,1.8,1.8,0.0,0.0,1e-07,1e-07,5e-08,1e-07,0.0,5e-08,9e-08,5e-08,1.9225e-06,4.37e-09
4q_mult,ERASE,1.8,5.0,5.0,1.8,1.8,0.0,0.0,1e-07,1e-07,5e-08,1e-07,2.5e-08,5e-08,9e-08,5e-08,7.8805e-06,3.5855e-06
4q_mult,PROGRAM,1.8,5.0,0.0,1.8,1.8,0.0,0.0,1e-07,1e-07,5e-08,1e-07,2.5e-08,5e-08,9e-08,5e-08,1.795e-07,3.489e-09
4q_mult,ERASE,1.8,5.0,5.0,1.8,1.8,0.0,0.0,1e-07,1e-07,5e-08,1e-07,5e-08,5e-08,9e-08,5e-08,7.4685e-06,4.036e-06
4q_mult,PROGRAM,1.8,5.0,0.0,1.8,1.8,0.0,0.0,1e-07,1e-07,5e-08,1e-07,5e-08,5e-08,9e-08,5e-08,7.3075e-06,3.2585e-09
4q_mult,ERASE,1.8,5.0,5.0,1.8,1.8,0.0,0.0,1e-07,1e-07,5e-08,1e-07,7.5e-08,5e-08,9e-08,5e-08,6.882e-06,4.769e-06
4q_mult,PROGRAM,1.8,5.0,0.0,1.8,1.8,0.0,0.0,1e-07,1e-07,5e-08,1e-07,7.5e-08,5e-08,9e-08,5e-08,7.076e-06,1.6815e-09
4q_mult,ERASE,1.8,5.0,5.0,1.8,1.8,0.0,0.0,1e-07,1e-07,5e-08,1e-07,1e-07,5e-08,9e-08,5e-08,3.246e-06,9.978e-06
4q_mult,PROGRAM,1.8,5.0,0.0,1.8,1.8,0.0,0.0,1e-07,1e-07,5e-08,1e-07,1e-07,5e-08,9e-08,5e-08,8.6155e-06,6.159e-08
4q_mult,ERASE,1.8,5.0,5.0,1.8,1.8,0.0,0.0,1e-07,1e-07,5e-08,1e-07,0.0,5e-08,9.499999999999999e-08,5e-08,8.4295e-06,2.9405e-06
4q_mult,PROGRAM,1.8,5.0,0.0,1.8,1.8,0.0,0.0,1e-07,1e-07,5e-08,1e-07,0.0,5e-08,9.499999999999999e-08,5e-08,6.95e-08,2.316e-09
4q_mult,ERASE,1.8,5.0,5.0,1.8,1.8,0.0,0.0,1e-07,1e-07,5e-08,1e-07,2.5e-08,5e-08,9.499999999999999e-08,5e-08,8.0905e-06,3.473e-06
4q_mult,PROGRAM,1.8,5.0,0.0,1.8,1.8,0.0,0.0,1e-07,1e-07,5e-08,1e-07,2.5e-08,5e-08,9.499999999999999e-08,5e-08,1.76e-07,1.8955e-09
4q_mult,ERASE,1.8,5.0,5.0,1.8,1.8,0.0,0.0,1e-07,1e-07,5e-08,1e-07,5e-08,5e-08,9.499999999999999e-08,5e-08,7.98e-06,3.476e-06
4q_mult,PROGRAM,1.8,5.0,0.0,1.8,1.8,0.0,0.0,1e-07,1e-07,5e-08,1e-07,5e-08,5e-08,9.499999999999999e-08,5e-08,3.0685e-07,1.993e-09
4q_mult,ERASE,1.8,5.0,5.0,1.8,1.8,0.0,0.0,1e-07,1e-07,5e-08,1e-07,7.5e-08,5e-08,9.499999999999999e-08,5e-08,7.188e-06,4.729e-06
4q_mult,PROGRAM,1.8,5.0,0.0,1.8,1.8,0.0,0.0,1e-07,1e-07,5e-08,1e-07,7.5e-08,5e-08,9.499999999999999e-08,5e-08,9.05e-07,1.042e-09
4q_mult,ERASE,1.8,5.0,5.0,1.8,1.8,0.0,0.0,1e-07,1e-07,5e-08,1e-07,1e-07,5e-08,9.499999999999999e-08,5e-08,6.525e-06,5.6195e-06
4q_mult,PROGRAM,1.8,5.0,0.0,1.8,1.8,0.0,0.0,1e-07,1e-07,5e-08,1e-07,1e-07,5e-08,9.499999999999999e-08,5e-08,6.48e-06,2.4485e-06
4q_mult,ERASE,1.8,5.0,5.0,1.8,1.8,0.0,0.0,1e-07,1e-07,5e-08,1e-07,0.0,5e-08,1e-07,5e-08,9.0175e-06,2.47e-06
4q_mult,PROGRAM,1.8,5.0,0.0,1.8,1.8,0.0,0.0,1e-07,1e-07,5e-08,1e-07,0.0,5e-08,1e-07,5e-08,1.2265e-07,4.1085e-09
4q_mult,ERASE,1.8,5.0,5.0,1.8,1.8,0.0,0.0,1e-07,1e-07,5e-08,1e-07,2.5e-08,5e-08,1e-07,5e-08,7.9365e-06,3.596e-06
4q_mult,PROGRAM,1.8,5.0,0.0,1.8,1.8,0.0,0.0,1e-07,1e-07,5e-08,1e-07,2.5e-08,5e-08,1e-07,5e-08,1.7025e-07,3.8885e-09
4q_mult,ERASE,1.8,5.0,5.0,1.8,1.8,0.0,0.0,1e-07,1e-07,5e-08,1e-07,5e-08,5e-08,1e-07,5e-08,2.729e-07,1.81e-09
4q_mult,PROGRAM,1.8,5.0,0.0,1.8,1.8,0.0,0.0,1e-07,1e-07,5e-08,1e-07,5e-08,5e-08,1e-07,5e-08,2.7195e-07,1.343e-09
4q_mult,ERASE,1.8,5.0,5.0,1.8,1.8,0.0,0.0,1e-07,1e-07,5e-08,1e-07,7.5e-08,5e-08,1e-07,5e-08,6.572e-06,5.4955e-06
4q_mult,PROGRAM,1.8,5.0,0.0,1.8,1.8,0.0,0.0,1e-07,1e-07,5e-08,1e-07,7.5e-08,5e-08,1e-07,5e-08,6.721e-07,6.545e-10
4q_mult,ERASE,1.8,5.0,5.0,1.8,1.8,0.0,0.0,1e-07,1e-07,5e-08,1e-07,1e-07,5e-08,1e-07,5e-08,6.3565e-06,5.676e-06
4q_mult,PROGRAM,1.8,5.0,0.0,1.8,1.8,0.0,0.0,1e-07,1e-07,5e-08,1e-07,1e-07,5e-08,1e-07,5e-08,6.377e-06,6.68e-07
2q_mult,ERASE,1.8,5.0,5.0,1.8,1.8,0.0,0.0,1e-07,1e-07,5e-08,1e-07,5e-08,5e-08,5e-08,0.0,1.001e-05,1.3065e-06
2q_mult,PROGRAM,1.8,5.0,0.0,1.8,1.8,0.0,0.0,1e-07,1e-07,5e-08,1e-07,5e-08,5e-08,5e-08,0.0,9.98e-06,6.37e-07
2q_mult,ERASE,1.8,5.0,5.0,1.8,1.8,0.0,0.0,1e-07,1e-07,5e-08,1e-07,5e-08,5e-08,5e-08,4.9999999999999985e-09,1.0055e-05,1.224e-06
2q_mult,PROGRAM,1.8,5.0,0.0,1.8,1.8,0.0,0.0,1e-07,1e-07,5e-08,1e-07,5e-08,5e-08,5e-08,4.9999999999999985e-09,5.21e-06,3.7265e-10
2q_mult,ERASE,1.8,5.0,5.0,1.8,1.8,0.0,0.0,1e-07,1e-07,5e-08,1e-07,5e-08,5e-08,5e-08,9.999999999999997e-09,6.611e-06,5.7155e-06
2q_mult,PROGRAM,1.8,5.0,0.0,1.8,1.8,0.0,0.0,1e-07,1e-07,5e-08,1e-07,5e-08,5e-08,5e-08,9.999999999999997e-09,8.5605e-06,3.8e-10
2q_mult,ERASE,1.8,5.0,5.0,1.8,1.8,0.0,0.0,1e-07,1e-07,5e-08,1e-07,5e-08,5e-08,5e-08,1.5000000000000002e-08,6.669e-06,5.837e-06
2q_mult,PROGRAM,1.8,5.0,0.0,1.8,1.8,0.0,0.0,1e-07,1e-07,5e-08,1e-07,5e-08,5e-08,5e-08,1.5000000000000002e-08,3.9545e-06,4.283e-10
2q_mult,ERASE,1.8,5.0,5.0,1.8,1.8,0.0,0.0,1e-07,1e-07,5e-08,1e-07,5e-08,5e-08,5e-08,2e-08,6.734e-06,5.0605e-06
2q_mult,PROGRAM,1.8,5.0,0.0,1.8,1.8,0.0,0.0,1e-07,1e-07,5e-08,1e-07,5e-08,5e-08,5e-08,2e-08,4.515e-06,5.8175e-10
2q_mult,ERASE,1.8,5.0,5.0,1.8,1.8,0.0,0.0,1e-07,1e-07,5e-08,1e-07,5e-08,5e-08,5e-08,2.5e-08,6.735e-06,5.6845e-06
2q_mult,PROGRAM,1.8,5.0,0.0,1.8,1.8,0.0,0.0,1e-07,1e-07,5e-08,1e-07,5e-08,5e-08,5e-08,2.5e-08,5.16e-06,6.295e-10
2q_mult,ERASE,1.8,5.0,5.0,1.8,1.8,0.0,0.0,1e-07,1e-07,5e-08,1e-07,5e-08,5e-08,5e-08,3e-08,8.09e-06,1.657e-06
2q_mult,PROGRAM,1.8,5.0,0.0,1.8,1.8,0.0,0.0,1e-07,1e-07,5e-08,1e-07,5e-08,5e-08,5e-08,3e-08,1.02245e-05,3.55e-07
2q_mult,ERASE,1.8,5.0,5.0,1.8,1.8,0.0,0.0,1e-07,1e-07,5e-08,1e-07,5e-08,5e-08,5e-08,3.4999999999999996e-08,1.051e-05,6.875e-07
2q_mult,PROGRAM,1.8,5.0,0.0,1.8,1.8,0.0,0.0,1e-07,1e-07,5e-08,1e-07,5e-08,5e-08,5e-08,3.4999999999999996e-08,1.0015e-05,1.49e-09
2q_mult,ERASE,1.8,5.0,5.0,1.8,1.8,0.0,0.0,1e-07,1e-07,5e-08,1e-07,5e-08,5e-08,5e-08,4e-08,8.123e-06,1.301e-06
2q_mult,PROGRAM,1.8,5.0,0.0,1.8,1.8,0.0,0.0,1e-07,1e-07,5e-08,1e-07,5e-08,5e-08,5e-08,4e-08,5.825e-06,2.8505e-09
2q_mult,ERASE,1.8,5.0,5.0,1.8,1.8,0.0,0.0,1e-07,1e-07,5e-08,1e-07,5e-08,5e-08,5e-08,4.5e-08,8.3215e-06,1.219e-06
2q_mult,PROGRAM,1.8,5.0,0.0,1.8,1.8,0.0,0.0,1e-07,1e-07,5e-08,1e-07,5e-08,5e-08,5e-08,4.5e-08,1.0565e-05,1.669e-09
2q_mult,ERASE,1.8,5.0,5.0,1.8,1.8,0.0,0.0,1e-07,1e-07,5e-08,1e-07,5e-08,5e-08,5e-08,5e-08,8.592e-06,1.133e-06
2q_mult,PROGRAM,1.8,5.0,0.0,1.8,1.8,0.0,0.0,1e-07,1e-07,5e-08,1e-07,5e-08,5e-08,5e-08,5e-08,1.183e-05,1.0935e-09
2q_mult,ERASE,1.8,5.0,5.0,1.8,1.8,0.0,0.0,1e-07,1e-07,5e-08,1e-07,5e-08,5e-08,5e-08,5.5e-08,1.1685e-05,5.031e-09
2q_mult,PROGRAM,1.8,5.0,0.0,1.8,1.8,0.0,0.0,1e-07,1e-07,5e-08,1e-07,5e-08,5e-08,5e-08,5.5e-08,1.202e-05,9.57e-10
2q_mult,ERASE,1.8,5.0,5.0,1.8,1.8,0.0,0.0,1e-07,1e-07,5e-08,1e-07,5e-08,5e-08,5e-08,6e-08,9.2975e-06,4.4775e-07
2q_mult,PROGRAM,1.8,5.0,0.0,1.8,1.8,0.0,0.0,1e-07,1e-07,5e-08,1e-07,5e-08,5e-08,5e-08,6e-08,1.1425e-05,1.359e-09
2q_mult,ERASE,1.8,5.0,5.0,1.8,1.8,0.0,0.0,1e-07,1e-07,5e-08,1e-07,5e-08,5e-08,5e-08,6.5e-08,9.97e-06,9.88e-07
2q_mult,PROGRAM,1.8,5.0,0.0,1.8,1.8,0.0,0.0,1e-07,1e-07,5e-08,1e-07,5e-08,5e-08,5e-08,6.5e-08,1.0675e-05,9.315e-10
2q_mult,ERASE,1.8,5.0,5.0,1.8,1.8,0.0,0.0,1e-07,1e-07,5e-08,1e-07,5e-08,5e-08,5e-08,6.999999999999999e-08,1.072e-05,3.982e-07
2q_mult,PROGRAM,1.8,5.0,0.0,1.8,1.8,0.0,0.0,1e-07,1e-07,5e-08,1e-07,5e-08,5e-08,5e-08,6.999999999999999e-08,1.07e-05,4.1545e-07
2q_mult,ERASE,1.8,5.0,5.0,1.8,1.8,0.0,0.0,1e-07,1e-07,5e-08,1e-07,5e-08,5e-08,5e-08,7.5e-08,1.072e-05,4.124e-07
2q_mult,PROGRAM,1.8,5.0,0.0,1.8,1.8,0.0,0.0,1e-07,1e-07,5e-08,1e-07,5e-08,5e-08,5e-08,7.5e-08,1.0445e-05,1.7125e-09
2q_mult,ERASE,1.8,5.0,5.0,1.8,1.8,0.0,0.0,1e-07,1e-07,5e-08,1e-07,5e-08,5e-08,5e-08,8e-08,1.026e-05,4.048e-07
2q_mult,PROGRAM,1.8,5.0,0.0,1.8,1.8,0.0,0.0,1e-07,1e-07,5e-08,1e-07,5e-08,5e-08,5e-08,8e-08,1.0712e-05,1.4255e-09
2q_mult,ERASE,1.8,5.0,5.0,1.8,1.8,0.0,0.0,1e-07,1e-07,5e-08,1e-07,5e-08,5e-08,5e-08,8.5e-08,1.039e-05,3.9695e-07
2q_mult,PROGRAM,1.8,5.0,0.0,1.8,1.8,0.0,0.0,1e-07,1e-07,5e-08,1e-07,5e-08,5e-08,5e-08,8.5e-08,5.61e-06,1.6645e-09
2q_mult,ERASE,1.8,5.0,5.0,1.8,1.8,0.0,0.0,1e-07,1e-07,5e-08,1e-07,5e-08,5e-08,5e-08,9e-08,1.0455e-05,3.606e-07
2q_mult,PROGRAM,1.8,5.0,0.0,1.8,1.8,0.0,0.0,1e-07,1e-07,5e-08,1e-07,5e-08,5e-08,5e-08,9e-08,1.0705e-05,7.105e-10
2q_mult,ERASE,1.8,5.0,5.0,1.8,1.8,0.0,0.0,1e-07,1e-07,5e-08,1e-07,5e-08,5e-08,5e-08,9.499999999999999e-08,1.0965e-05,3.4075e-07
2q_mult,PROGRAM,1.8,5.0,0.0,1.8,1.8,0.0,0.0,1e-07,1e-07,5e-08,1e-07,5e-08,5e-08,5e-08,9.499999999999999e-08,1.086e-05,3.262e-07
2q_mult,ERASE,1.8,5.0,5.0,1.8,1.8,0.0,0.0,1e-07,1e-07,5e-08,1e-07,5e-08,5e-08,5e-08,1e-07,1.117e-05,1.5475e-07
2q_mult,PROGRAM,1.8,5.0,0.0,1.8,1.8,0.0,0.0,1e-07,1e-07,5e-08,1e-07,5e-08,5e-08,5e-08,1e-07,3.94e-06,6.086e-10
2q_mult,ERASE,1.8,5.0,5.0,1.8,1.8,2e-08,2e-08,1e-07,1e-07,5e-08,1e-07,5e-08,5e-08,5e-08,0.0,6.343e-06,6.3505e-06
2q_mult,PROGRAM,1.8,5.0,0.0,1.8,1.8,2e-08,2e-08,1e-07,1e-07,5e-08,1e-07,5e-08,5e-08,5e-08,0.0,6.152e-07,3.4995e-11
2q_mult,ERASE,1.8,5.0,5.0,1.8,1.8,2e-08,2e-08,1e-07,1e-07,5e-08,1e-07,5e-08,5e-08,5e-08,4.9999999999999985e-09,6.3315e-06,6.354e-06
2q_mult,PROGRAM,1.8,5.0,0.0,1.8,1.8,2e-08,2e-08,1e-07,1e-07,5e-08,1e-07,5e-08,5e-08,5e-08,4.9999999999999985e-09,6.3205e-07,4.333e-11
2q_mult,ERASE,1.8,5.0,5.0,1.8,1.8,2e-08,2e-08,1e-07,1e-07,5e-08,1e-07,5e-08,5e-08,5e-08,9.999999999999997e-09,6.3545e-06,6.3655e-06
2q_mult,PROGRAM,1.8,5.0,0.0,1.8,1.8,2e-08,2e-08,1e-07,1e-07,5e-08,1e-07,5e-08,5e-08,5e-08,9.999999999999997e-09,6.131e-07,4.42e-11
2q_mult,ERASE,1.8,5.0,5.0,1.8,1.8,2e-08,2e-08,1e-07,1e-07,5e-08,1e-07,5e-08,5e-08,5e-08,1.5000000000000002e-08,6.3635e-06,6.373e-06
2q_mult,PROGRAM,1.8,5.0,0.0,1.8,1.8,2e-08,2e-08,1e-07,1e-07,5e-08,1e-07,5e-08,5e-08,5e-08,1.5000000000000002e-08,6.6185e-07,3.492e-11
2q_mult,ERASE,1.8,5.0,5.0,1.8,1.8,2e-08,2e-08,1e-07,1e-07,5e-08,1e-07,5e-08,5e-08,5e-08,2e-08,6.3745e-06,6.381e-06
2q_mult,PROGRAM,1.8,5.0,0.0,1.8,1.8,2e-08,2e-08,1e-07,1e-07,5e-08,1e-07,5e-08,5e-08,5e-08,2e-08,7.015e-07,3.3305e-11
2q_mult,ERASE,1.8,5.0,5.0,1.8,1.8,2e-08,2e-08,1e-07,1e-07,5e-08,1e-07,5e-08,5e-08,5e-08,2.5e-08,6.3715e-06,6.3825e-06
2q_mult,PROGRAM,1.8,5.0,0.0,1.8,1.8,2e-08,2e-08,1e-07,1e-07,5e-08,1e-07,5e-08,5e-08,5e-08,2.5e-08,6.4975e-07,3.121e-11
2q_mult,ERASE,1.8,5.0,5.0,1.8,1.8,2e-08,2e-08,1e-07,1e-07,5e-08,1e-07,5e-08,5e-08,5e-08,3e-08,6.3725e-06,6.3935e-06
2q_mult,PROGRAM,1.8,5.0,0.0,1.8,1.8,2e-08,2e-08,1e-07,1e-07,5e-08,1e-07,5e-08,5e-08,5e-08,3e-08,7.4685e-07,3.216e-11
2q_mult,ERASE,1.8,5.0,5.0,1.8,1.8,2e-08,2e-08,1e-07,1e-07,5e-08,1e-07,5e-08,5e-08,5e-08,3.4999999999999996e-08,6.3785e-06,6.392e-06
2q_mult,PROGRAM,1.8,5.0,0.0,1.8,1.8,2e-08,2e-08,1e-07,1e-07,5e-08,1e-07,5e-08,5e-08,5e-08,3.4999999999999996e-08,7.839e-07,4.2345e-11
2q_mult,ERASE,1.8,5.0,5.0,1.8,1.8,2e-08,2e-08,1e-07,1e-07,5e-08,1e-07,5e-08,5e-08,5e-08,4e-08,6.4265e-06,6.4385e-06
2q_mult,PROGRAM,1.8,5.0,0.0,1.8,1.8,2e-08,2e-08,1e-07,1e-07,5e-08,1e-07,5e-08,5e-08,5e-08,4e-08,6.378e-06,6.393e-06
2q_mult,ERASE,1.8,5.0,5.0,1.8,1.8,2e-08,2e-08,1e-07,1e-07,5e-08,1e-07,5e-08,5e-08,5e-08,4.5e-08,6.3785e-06,6.3875e-06
2q_mult,PROGRAM,1.8,5.0,0.0,1.8,1.8,2e-08,2e-08,1e-07,1e-07,5e-08,1e-07,5e-08,5e-08,5e-08,4.5e-08,6.3735e-06,1.5e-09
2q_mult,ERASE,1.8,5.0,5.0,1.8,1.8,2e-08,2e-08,1e-07,1e-07,5e-08,1e-07,5e-08,5e-08,5e-08,5e-08,6.378e-06,6.395e-06
2q_mult,PROGRAM,1.8,5.0,0.0,1.8,1.8,2e-08,2e-08,1e-07,1e-07,5e-08,1e-07,5e-08,5e-08,5e-08,5e-08,1.207e-06,6.9145e-11
2q_mult,ERASE,1.8,5.0,5.0,1.8,1.8,2e-08,2e-08,1e-07,1e-07,5e-08,1e-07,5e-08,5e-08,5e-08,5.5e-08,6.386e-06,6.3965e-06
2q_mult,PROGRAM,1.8,5.0,0.0,1.8,1.8,2e-08,2e-08,1e-07,1e-07,5e-08,1e-07,5e-08,5e-08,5e-08,5.5e-08,1.4095e-06,1.0525e-10
2q_mult,ERASE,1.8,5.0,5.0,1.8,1.8,2e-08,2e-08,1e-07,1e-07,5e-08,1e-07,5e-08,5e-08,5e-08,6e-08,6.382e-06,6.3945e-06
2q_mult,PROGRAM,1.8,5.0,0.0,1.8,1.8,2e-08,2e-08,1e-07,1e-07,5e-08,1e-07,5e-08,5e-08,5e-08,6e-08,1.7615e-06,1.4125e-10
2q_mult,ERASE,1.8,5.0,5.0,1.8,1.8,2e-08,2e-08,1e-07,1e-07,5e-08,1e-07,5e-08,5e-08,5e-08,6.5e-08,6.3835e-06,6.392e-06
2q_mult,PROGRAM,1.8,5.0,0.0,1.8,1.8,2e-08,2e-08,1e-07,1e-07,5e-08,1e-07,5e-08,5e-08,5e-08,6.5e-08,6.3725e-06,3.1835e-06
2q_mult,ERASE,1.8,5.0,5.0,1.8,1.8,2e-08,2e-08,1e-07,1e-07,5e-08,1e-07,5e-08,5e-08,5e-08,6.999999999999999e-08,6.4225e-06,5.7215e-06
2q_mult,PROGRAM,1.8,5.0,0.0,1.8,1.8,2e-08,2e-08,1e-07,1e-07,5e-08,1e-07,5e-08,5e-08,5e-08,6.999999999999999e-08,4.4115e-06,4.6875e-10
2q_mult,ERASE,1.8,5.0,5.0,1.8,1.8,2e-08,2e-08,1e-07,1e-07,5e-08,1e-07,5e-08,5e-08,5e-08,7.5e-08,7.96e-06,8.06e-07
2q_mult,PROGRAM,1.8,5.0,0.0,1.8,1.8,2e-08,2e-08,1e-07,1e-07,5e-08,1e-07,5e-08,5e-08,5e-08,7.5e-08,2.922e-06,1.7555e-09
2q_mult,ERASE,1.8,5.0,5.0,1.8,1.8,2e-08,2e-08,1e-07,1e-07,5e-08,1e-07,5e-08,5e-08,5e-08,8e-08,1.1125e-05,4.75e-10
2q_mult,PROGRAM,1.8,5.0,0.0,1.8,1.8,2e-08,2e-08,1e-07,1e-07,5e-08,1e-07,5e-08,5e-08,5e-08,8e-08,7.05e-06,4.78e-09
2q_mult,ERASE,1.8,5.0,5.0,1.8,1.8,2e-08,2e-08,1e-07,1e-07,5e-08,1e-07,5e-08,5e-08,5e-08,8.5e-08,1.1125e-05,2.0795e-10
2q_mult,PROGRAM,1.8,5.0,0.0,1.8,1.8,2e-08,2e-08,1e-07,1e-07,5e-08,1e-07,5e-08,5e-08,5e-08,8.5e-08,8.0205e-06,6.1275e-09
2q_mult,ERASE,1.8,5.0,5.0,1.8,1.8,2e-08,2e-08,1e-07,1e-07,5e-08,1e-07,5e-08,5e-08,5e-08,9e-08,1.112e-05,1.25e-10
2q_mult,PROGRAM,1.8,5.0,0.0,1.8,1.8,2e-08,2e-08,1e-07,1e-07,5e-08,1e-07,5e-08,5e-08,5e-08,9e-08,9.79e-06,4.49e-09
2q_mult,ERASE,1.8,5.0,5.0,1.8,1.8,2e-08,2e-08,1e-07,1e-07,5e-08,1e-07,5e-08,5e-08,5e-08,9.499999999999999e-08,1.1065e-05,9.855e-11
2q_mult,PROGRAM,1.8,5.0,0.0,1.8,1.8,2e-08,2e-08,1e-07,1e-07,5e-08,1e-07,5e-08,5e-08,5e-08,9.499999999999999e-08,1.256e-05,2.883e-08
2q_mult,ERASE,1.8,5.0,5.0,1.8,1.8,2e-08,2e-08,1e-07,1e-07,5e-08,1e-07,5e-08,5e-08,5e-08,1e-07,1.1035e-05,3e-11
2q_mult,PROGRAM,1.8,5.0,0.0,1.8,1.8,2e-08,2e-08,1e-07,1e-07,5e-08,1e-07,5e-08,5e-08,5e-08,1e-07,1.0035e-05,3.3375e-08
2q_mult,ERASE,1.8,5.0,5.0,1.8,1.8,4e-08,4e-08,1e-07,1e-07,5e-08,1e-07,5e-08,5e-08,5e-08,0.0,6.3695e-06,6.3805e-06
2q_mult,PROGRAM,1.8,5.0,0.0,1.8,1.8,4e-08,4e-08,1e-07,1e-07,5e-08,1e-07,5e-08,5e-08,5e-08,0.0,6.3665e-06,6.3765e-06
2q_mult,ERASE,1.8,5.0,5.0,1.8,1.8,4e-08,4e-08,1e-07,1e-07,5e-08,1e-07,5e-08,5e-08,5e-08,4.9999999999999985e-09,6.3625e-06,6.3805e-06
2q_mult,PROGRAM,1.8,5.0,0.0,1.8,1.8,4e-08,4e-08,1e-07,1e-07,5e-08,1e-07,5e-08,5e-08,5e-08,4.9999999999999985e-09,3.2065e-07,2.1515e-11
2q_mult,ERASE,1.8,5.0,5.0,1.8,1.8,4e-08,4e-08,1e-07,1e-07,5e-08,1e-07,5e-08,5e-08,5e-08,9.999999999999997e-09,6.377e-06,6.3945e-06
2q_mult,PROGRAM,1.8,5.0,0.0,1.8,1.8,4e-08,4e-08,1e-07,1e-07,5e-08,1e-07,5e-08,5e-08,5e-08,9.999999999999997e-09,3.0555e-07,2.0505e-11
2q_mult,ERASE,1.8,5.0,5.0,1.8,1.8,4e-08,4e-08,1e-07,1e-07,5e-08,1e-07,5e-08,5e-08,5e-08,1.5000000000000002e-08,3.0585e-07,6.398e-06
2q_mult,PROGRAM,1.8,5.0,0.0,1.8,1.8,4e-08,4e-08,1e-07,1e-07,5e-08,1e-07,5e-08,5e-08,5e-08,1.5000000000000002e-08,3.07e-07,2.12e-11
2q_mult,ERASE,1.8,5.0,5.0,1.8,1.8,4e-08,4e-08,1e-07,1e-07,5e-08,1e-07,5e-08,5e-08,5e-08,2e-08,6.388e-06,6.401e-06
2q_mult,PROGRAM,1.8,5.0,0.0,1.8,1.8,4e-08,4e-08,1e-07,1e-07,5e-08,1e-07,5e-08,5e-08,5e-08,2e-08,2.942e-07,2.095e-11
2q_mult,ERASE,1.8,5.0,5.0,1.8,1.8,4e-08,4e-08,1e-07,1e-07,5e-08,1e-07,5e-08,5e-08,5e-08,2.5e-08,6.3965e-06,6.4165e-06
2q_mult,PROGRAM,1.8,5.0,0.0,1.8,1.8,4e-08,4e-08,1e-07,1e-07,5e-08,1e-07,5e-08,5e-08,5e-08,2.5e-08,3.2435e-07,2.4265e-11
2q_mult,ERASE,1.8,5.0,5.0,1.8,1.8,4e-08,4e-08,1e-07,1e-07,5e-08,1e-07,5e-08,5e-08,5e-08,3e-08,6.398e-06,6.412e-06
2q_mult,PROGRAM,1.8,5.0,0.0,1.8,1.8,4e-08,4e-08,1e-07,1e-07,5e-08,1e-07,5e-08,5e-08,5e-08,3e-08,3.474e-07,2.627e-11
2q_mult,ERASE,1.8,5.0,5.0,1.8,1.8,4e-08,4e-08,1e-07,1e-07,5e-08,1e-07,5e-08,5e-08,5e-08,3.4999999999999996e-08,3.947e-07,6.4145e-06
2q_mult,PROGRAM,1.8,5.0,0.0,1.8,1.8,4e-08,4e-08,1e-07,1e-07,5e-08,1e-07,5e-08,5e-08,5e-08,3.4999999999999996e-08,3.7815e-07,2.9785e-11
2q_mult,ERASE,1.8,5.0,5.0,1.8,1.8,4e-08,4e-08,1e-07,1e-07,5e-08,1e-07,5e-08,5e-08,5e-08,4e-08,6.3955e-06,6.4185e-06
2q_mult,PROGRAM,1.8,5.0,0.0,1.8,1.8,4e-08,4e-08,1e-07,1e-07,5e-08,1e-07,5e-08,5e-08,5e-08,4e-08,6.403e-06,1.2675e-11
2q_mult,ERASE,1.8,5.0,5.0,1.8,1.8,4e-08,4e-08,1e-07,1e-07,5e-08,1e-07,5e-08,5e-08,5e-08,4.5e-08,6.406e-06,6.42e-06
2q_mult,PROGRAM,1.8,5.0,0.0,1.8,1.8,4e-08,4e-08,1e-07,1e-07,5e-08,1e-07,5e-08,5e-08,5e-08,4.5e-08,5.021e-07,9.5565e-12
2q_mult,ERASE,1.8,5.0,5.0,1.8,1.8,4e-08,4e-08,1e-07,1e-07,5e-08,1e-07,5e-08,5e-08,5e-08,5e-08,6.462e-06,6.4705e-06
2q_mult,PROGRAM,1.8,5.0,0.0,1.8,1.8,4e-08,4e-08,1e-07,1e-07,5e-08,1e-07,5e-08,5e-08,5e-08,5e-08,5.0145e-07,1.153e-11
2q_mult,ERASE,1.8,5.0,5.0,1.8,1.8,4e-08,4e-08,1e-07,1e-07,5e-08,1e-07,5e-08,5e-08,5e-08,5.5e-08,6.4525e-06,6.4735e-06
2q_mult,PROGRAM,1.8,5.0,0.0,1.8,1.8,4e-08,4e-08,1e-07,1e-07,5e-08,1e-07,5e-08,5e-08,5e-08,5.5e-08,5.5985e-07,5.5555e-11
2q_mult,ERASE,1.8,5.0,5.0,1.8,1.8,4e-08,4e-08,1e-07,1e-07,5e-08,1e-07,5e-08,5e-08,5e-08,6e-08,6.4555e-06,6.469e-06
2q_mult,PROGRAM,1.8,5.0,0.0,1.8,1.8,4e-08,4e-08,1e-07,1e-07,5e-08,1e-07,5e-08,5e-08,5e-08,6e-08,5.609e-07,8.455e-11
2q_mult,ERASE,1.8,5.0,5.0,1.8,1.8,4e-08,4e-08,1e-07,1e-07,5e-08,1e-07,5e-08,5e-08,5e-08,6.5e-08,6.4505e-06,6.462e-06
2q_mult,PROGRAM,1.8,5.0,0.0,1.8,1.8,4e-08,4e-08,1e-07,1e-07,5e-08,1e-07,5e-08,5e-08,5e-08,6.5e-08,6.445e-06,6.4615e-06
2q_mult,ERASE,1.8,5.0,5.0,1.8,1.8,4e-08,4e-08,1e-07,1e-07,5e-08,1e-07,5e-08,5e-08,5e-08,6.999999999999999e-08,6.4445e-06,6.456e-06
2q_mult,PROGRAM,1.8,5.0,0.0,1.8,1.8,4e-08,4e-08,1e-07,1e-07,5e-08,1e-07,5e-08,5e-08,5e-08,6.999999999999999e-08,6.441e-06,6.457e-06
2q_mult,ERASE,1.8,5.0,5.0,1.8,1.8,4e-08,4e-08,1e-07,1e-07,5e-08,1e-07,5e-08,5e-08,5e-08,7.5e-08,7.674e-06,5.074e-06
2q_mult,PROGRAM,1.8,5.0,0.0,1.8,1.8,4e-08,4e-08,1e-07,1e-07,5e-08,1e-07,5e-08,5e-08,5e-08,7.5e-08,1.182e-06,7.4535e-10
2q_mult,ERASE,1.8,5.0,5.0,1.8,1.8,4e-08,4e-08,1e-07,1e-07,5e-08,1e-07,5e-08,5e-08,5e-08,8e-08,9.175e-06,3.282e-06
2q_mult,PROGRAM,1.8,5.0,0.0,1.8,1.8,4e-08,4e-08,1e-07,1e-07,5e-08,1e-07,5e-08,5e-08,5e-08,8e-08,1.7395e-06,3.6035e-09
2q_mult,ERASE,1.8,5.0,5.0,1.8,1.8,4e-08,4e-08,1e-07,1e-07,5e-08,1e-07,5e-08,5e-08,5e-08,8.5e-08,9.305e-06,2.25e-09
2q_mult,PROGRAM,1.8,5.0,0.0,1.8,1.8,4e-08,4e-08,1e-07,1e-07,5e-08,1e-07,5e-08,5e-08,5e-08,8.5e-08,2.589e-06,2.083e-09
2q_mult,ERASE,1.8,5.0,5.0,1.8,1.8,4e-08,4e-08,1e-07,1e-07,5e-08,1e-07,5e-08,5e-08,5e-08,9e-08,1.1175e-05,1.293e-10
2q_mult,PROGRAM,1.8,5.0,0.0,1.8,1.8,4e-08,4e-08,1e-07,1e-07,5e-08,1e-07,5e-08,5e-08,5e-08,9e-08,5.946e-06,3.2505e-08
2q_mult,ERASE,1.8,5.0,5.0,1.8,1.8,4e-08,4e-08,1e-07,1e-07,5e-08,1e-07,5e-08,5e-08,5e-08,9.499999999999999e-08,1.114e-05,2.96e-10
2q_mult,PROGRAM,1.8,5.0,0.0,1.8,1.8,4e-08,4e-08,1e-07,1e-07,5e-08,1e-07,5e-08,5e-08,5e-08,9.499999999999999e-08,9.04e-06,1.239e-07
2q_mult,ERASE,1.8,5.0,5.0,1.8,1.8,4e-08,4e-08,1e-07,1e-07,5e-08,1e-07,5e-08,5e-08,5e-08,1e-07,1.11e-05,4.15e-10
2q_mult,PROGRAM,1.8,5.0,0.0,1.8,1.8,4e-08,4e-08,1e-07,1e-07,5e-08,1e-07,5e-08,5e-08,5e-08,1e-07,1.019e-05,1.17e-07
2q_mult,ERASE,1.8,5.0,5.0,1.8,1.8,6e-08,6e-08,1e-07,1e-07,5e-08,1e-07,5e-08,5e-08,5e-08,0.0,6.4155e-06,6.4335e-06
2q_mult,PROGRAM,1.8,5.0,0.0,1.8,1.8,6e-08,6e-08,1e-07,1e-07,5e-08,1e-07,5e-08,5e-08,5e-08,0.0,2.0095e-07,1.1715e-11
2q_mult,ERASE,1.8,5.0,5.0,1.8,1.8,6e-08,6e-08,1e-07,1e-07,5e-08,1e-07,5e-08,5e-08,5e-08,4.9999999999999985e-09,6.447e-06,6.462e-06
2q_mult,PROGRAM,1.8,5.0,0.0,1.8,1.8,6e-08,6e-08,1e-07,1e-07,5e-08,1e-07,5e-08,5e-08,5e-08,4.9999999999999985e-09,6.442e-06,9.84e-12
2q_mult,ERASE,1.8,5.0,5.0,1.8,1.8,6e-08,6e-08,1e-07,1e-07,5e-08,1e-07,5e-08,5e-08,5e-08,9.999999999999997e-09,6.448e-06,6.4635e-06
2q_mult,PROGRAM,1.8,5.0,0.0,1.8,1.8,6e-08,6e-08,1e-07,1e-07,5e-08,1e-07,5e-08,5e-08,5e-08,9.999999999999997e-09,2.024e-07,1.373e-12
2q_mult,ERASE,1.8,5.0,5.0,1.8,1.8,6e-08,6e-08,1e-07,1e-07,5e-08,1e-07,5e-08,5e-08,5e-08,1.5000000000000002e-08,6.4855e-06,6.5e-06
2q_mult,PROGRAM,1.8,5.0,0.0,1.8,1.8,6e-08,6e-08,1e-07,1e-07,5e-08,1e-07,5e-08,5e-08,5e-08,1.5000000000000002e-08,1.9925e-07,1.4545e-12
2q_mult,ERASE,1.8,5.0,5.0,1.8,1.8,6e-08,6e-08,1e-07,1e-07,5e-08,1e-07,5e-08,5e-08,5e-08,2e-08,6.5055e-06,6.518e-06
2q_mult,PROGRAM,1.8,5.0,0.0,1.8,1.8,6e-08,6e-08,1e-07,1e-07,5e-08,1e-07,5e-08,5e-08,5e-08,2e-08,2.0355e-07,1.325e-12
2q_mult,ERASE,1.8,5.0,5.0,1.8,1.8,6e-08,6e-08,1e-07,1e-07,5e-08,1e-07,5e-08,5e-08,5e-08,2.5e-08,6.519e-06,6.528e-06
2q_mult,PROGRAM,1.8,5.0,0.0,1.8,1.8,6e-08,6e-08,1e-07,1e-07,5e-08,1e-07,5e-08,5e-08,5e-08,2.5e-08,2.1655e-07,1.5285e-12
2q_mult,ERASE,1.8,5.0,5.0,1.8,1.8,6e-08,6e-08,1e-07,1e-07,5e-08,1e-07,5e-08,5e-08,5e-08,3e-08,6.535e-06,6.5485e-06
2q_mult,PROGRAM,1.8,5.0,0.0,1.8,1.8,6e-08,6e-08,1e-07,1e-07,5e-08,1e-07,5e-08,5e-08,5e-08,3e-08,2.2265e-07,2.2375e-12
2q_mult,ERASE,1.8,5.0,5.0,1.8,1.8,6e-08,6e-08,1e-07,1e-07,5e-08,1e-07,5e-08,5e-08,5e-08,3.4999999999999996e-08,6.5295e-06,6.5515e-06
2q_mult,PROGRAM,1.8,5.0,0.0,1.8,1.8,6e-08,6e-08,1e-07,1e-07,5e-08,1e-07,5e-08,5e-08,5e-08,3.4999999999999996e-08,2.4625e-07,1.6965e-12
2q_mult,ERASE,1.8,5.0,5.0,1.8,1.8,6e-08,6e-08,1e-07,1e-07,5e-08,1e-07,5e-08,5e-08,5e-08,4e-08,6.5425e-06,6.5635e-06
2q_mult,PROGRAM,1.8,5.0,0.0,1.8,1.8,6e-08,6e-08,1e-07,1e-07,5e-08,1e-07,5e-08,5e-08,5e-08,4e-08,2.6855e-07,1.55e-12
2q_mult,ERASE,1.8,5.0,5.0,1.8,1.8,6e-08,6e-08,1e-07,1e-07,5e-08,1e-07,5e-08,5e-08,5e-08,4.5e-08,6.525e-06,6.535e-06
2q_mult,PROGRAM,1.8,5.0,0.0,1.8,1.8,6e-08,6e-08,1e-07,1e-07,5e-08,1e-07,5e-08,5e-08,5e-08,4.5e-08,3.2675e-07,1.386e-12
2q_mult,ERASE,1.8,5.0,5.0,1.8,1.8,6e-08,6e-08,1e-07,1e-07,5e-08,1e-07,5e-08,5e-08,5e-08,5e-08,6.526e-06,6.542e-06
2q_mult,PROGRAM,1.8,5.0,0.0,1.8,1.8,6e-08,6e-08,1e-07,1e-07,5e-08,1e-07,5e-08,5e-08,5e-08,5e-08,3.2905e-07,1.4705e-12
2q_mult,ERASE,1.8,5.0,5.0,1.8,1.8,6e-08,6e-08,1e-07,1e-07,5e-08,1e-07,5e-08,5e-08,5e-08,5.5e-08,6.531e-06,6.54e-06
2q_mult,PROGRAM,1.8,5.0,0.0,1.8,1.8,6e-08,6e-08,1e-07,1e-07,5e-08,1e-07,5e-08,5e-08,5e-08,5.5e-08,3.655e-07,1.4115e-12
2q_mult,ERASE,1.8,5.0,5.0,1.8,1.8,6e-08,6e-08,1e-07,1e-07,5e-08,1e-07,5e-08,5e-08,5e-08,6e-08,6.51e-06,6.521e-06
2q_mult,PROGRAM,1.8,5.0,0.0,1.8,1.8,6e-08,6e-08,1e-07,1e-07,5e-08,1e-07,5e-08,5e-08,5e-08,6e-08,4.187e-07,1.099e-12
2q_mult,ERASE,1.8,5.0,5.0,1.8,1.8,6e-08,6e-08,1e-07,1e-07,5e-08,1e-07,5e-08,5e-08,5e-08,6.5e-08,6.492e-06,6.528e-06
2q_mult,PROGRAM,1.8,5.0,0.0,1.8,1.8,6e-08,6e-08,1e-07,1e-07,5e-08,1e-07,5e-08,5e-08,5e-08,6.5e-08,7.676e-07,1.1045e-12
2q_mult,ERASE,1.8,5.0,5.0,1.8,1.8,6e-08,6e-08,1e-07,1e-07,5e-08,1e-07,5e-08,5e-08,5e-08,6.999999999999999e-08,6.494e-06,6.529e-06
2q_mult,PROGRAM,1.8,5.0,0.0,1.8,1.8,6e-08,6e-08,1e-07,1e-07,5e-08,1e-07,5e-08,5e-08,5e-08,6.999999999999999e-08,5.928e-07,1.4835e-12
2q_mult,ERASE,1.8,5.0,5.0,1.8,1.8,6e-08,6e-08,1e-07,1e-07,5e-08,1e-07,5e-08,5e-08,5e-08,7.5e-08,7.22e-06,5.6965e-06
2q_mult,PROGRAM,1.8,5.0,0.0,1.8,1.8,6e-08,6e-08,1e-07,1e-07,5e-08,1e-07,5e-08,5e-08,5e-08,7.5e-08,7.3145e-07,1.517e-12
2q_mult,ERASE,1.8,5.0,5.0,1.8,1.8,6e-08,6e-08,1e-07,1e-07,5e-08,1e-07,5e-08,5e-08,5e-08,8e-08,8.1695e-06,2.7195e-06
2q_mult,PROGRAM,1.8,5.0,0.0,1.8,1.8,6e-08,6e-08,1e-07,1e-07,5e-08,1e-07,5e-08,5e-08,5e-08,8e-08,1.356e-06,2.548e-12
2q_mult,ERASE,1.8,5.0,5.0,1.8,1.8,6e-08,6e-08,1e-07,1e-07,5e-08,1e-07,5e-08,5e-08,5e-08,8.5e-08,1.0605e-05,3.393e-06
2q_mult,PROGRAM,1.8,5.0,0.0,1.8,1.8,6e-08,6e-08,1e-07,1e-07,5e-08,1e-07,5e-08,5e-08,5e-08,8.5e-08,2.577e-06,2.8675e-12
2q_mult,ERASE,1.8,5.0,5.0,1.8,1.8,6e-08,6e-08,1e-07,1e-07,5e-08,1e-07,5e-08,5e-08,5e-08,9e-08,1.1245e-05,1e-11
2q_mult,PROGRAM,1.8,5.0,0.0,1.8,1.8,6e-08,6e-08,1e-07,1e-07,5e-08,1e-07,5e-08,5e-08,5e-08,9e-08,3.207e-06,4.509e-12
2q_mult,ERASE,1.8,5.0,5.0,1.8,1.8,6e-08,6e-08,1e-07,1e-07,5e-08,1e-07,5e-08,5e-08,5e-08,9.499999999999999e-08,1.121e-05,1.51e-09
2q_mult,PROGRAM,1.8,5.0,0.0,1.8,1.8,6e-08,6e-08,1e-07,1e-07,5e-08,1e-07,5e-08,5e-08,5e-08,9.499999999999999e-08,1.02e-05,6.189e-12
2q_mult,ERASE,1.8,5.0,5.0,1.8,1.8,6e-08,6e-08,1e-07,1e-07,5e-08,1e-07,5e-08,5e-08,5e-08,1e-07,1.0985e-05,3.5e-11
2q_mult,PROGRAM,1.8,5.0,0.0,1.8,1.8,6e-08,6e-08,1e-07,1e-07,5e-08,1e-07,5e-08,5e-08,5e-08,1e-07,9.99e-06,3.4995e-11
2q_mult,ERASE,1.8,5.0,5.0,1.8,1.8,8e-08,8e-08,1e-07,1e-07,5e-08,1e-07,5e-08,5e-08,5e-08,0.0,6.4455e-06,6.471e-06
2q_mult,PROGRAM,1.8,5.0,0.0,1.8,1.8,8e-08,8e-08,1e-07,1e-07,5e-08,1e-07,5e-08,5e-08,5e-08,0.0,1.024e-07,1.532e-12
2q_mult,ERASE,1.8,5.0,5.0,1.8,1.8,8e-08,8e-08,1e-07,1e-07,5e-08,1e-07,5e-08,5e-08,5e-08,4.9999999999999985e-09,6.544e-06,6.556e-06
2q_mult,PROGRAM,1.8,5.0,0.0,1.8,1.8,8e-08,8e-08,1e-07,1e-07,5e-08,1e-07,5e-08,5e-08,5e-08,4.9999999999999985e-09,9.5425e-08,1.4325e-12
2q_mult,ERASE,1.8,5.0,5.0,1.8,1.8,8e-08,8e-08,1e-07,1e-07,5e-08,1e-07,5e-08,5e-08,5e-08,9.999999999999997e-09,6.475e-06,6.479e-06
2q_mult,PROGRAM,1.8,5.0,0.0,1.8,1.8,8e-08,8e-08,1e-07,1e-07,5e-08,1e-07,5e-08,5e-08,5e-08,9.999999999999997e-09,1.496e-07,1.353e-12
2q_mult,ERASE,1.8,5.0,5.0,1.8,1.8,8e-08,8e-08,1e-07,1e-07,5e-08,1e-07,5e-08,5e-08,5e-08,1.5000000000000002e-08,6.471e-06,6.493e-06
2q_mult,PROGRAM,1.8,5.0,0.0,1.8,1.8,8e-08,8e-08,1e-07,1e-07,5e-08,1e-07,5e-08,5e-08,5e-08,1.5000000000000002e-08,1.5035e-07,1.3985e-12
2q_mult,ERASE,1.8,5.0,5.0,1.8,1.8,8e-08,8e-08,1e-07,1e-07,5e-08,1e-07,5e-08,5e-08,5e-08,2e-08,6.48e-06,6.4965e-06
2q_mult,PROGRAM,1.8,5.0,0.0,1.8,1.8,8e-08,8e-08,1e-07,1e-07,5e-08,1e-07,5e-08,5e-08,5e-08,2e-08,1.505e-07,1.496e-12
2q_mult,ERASE,1.8,5.0,5.0,1.8,1.8,8e-08,8e-08,1e-07,1e-07,5e-08,1e-07,5e-08,5e-08,5e-08,2.5e-08,6.482e-06,6.4995e-06
2q_mult,PROGRAM,1.8,5.0,0.0,1.8,1.8,8e-08,8e-08,1e-07,1e-07,5e-08,1e-07,5e-08,5e-08,5e-08,2.5e-08,1.579e-07,1.412e-12
2q_mult,ERASE,1.8,5.0,5.0,1.8,1.8,8e-08,8e-08,1e-07,1e-07,5e-08,1e-07,5e-08,5e-08,5e-08,3e-08,6.48e-06,6.502e-06
2q_mult,PROGRAM,1.8,5.0,0.0,1.8,1.8,8e-08,8e-08,1e-07,1e-07,5e-08,1e-07,5e-08,5e-08,5e-08,3e-08,1.709e-07,1.5265e-12
2q_mult,ERASE,1.8,5.0,5.0,1.8,1.8,8e-08,8e-08,1e-07,1e-07,5e-08,1e-07,5e-08,5e-08,5e-08,3.4999999999999996e-08,6.481e-06,6.495e-06
2q_mult,PROGRAM,1.8,5.0,0.0,1.8,1.8,8e-08,8e-08,1e-07,1e-07,5e-08,1e-07,5e-08,5e-08,5e-08,3.4999999999999996e-08,1.8725e-07,1.515e-12
2q_mult,ERASE,1.8,5.0,5.0,1.8,1.8,8e-08,8e-08,1e-07,1e-07,5e-08,1e-07,5e-08,5e-08,5e-08,4e-08,6.473e-06,6.494e-06
2q_mult,PROGRAM,1.8,5.0,0.0,1.8,1.8,8e-08,8e-08,1e-07,1e-07,5e-08,1e-07,5e-08,5e-08,5e-08,4e-08,2.016e-07,1.636e-12
2q_mult,ERASE,1.8,5.0,5.0,1.8,1.8,8e-08,8e-08,1e-07,1e-07,5e-08,1e-07,5e-08,5e-08,5e-08,4.5e-08,6.4745e-06,6.493e-06
2q_mult,PROGRAM,1.8,5.0,0.0,1.8,1.8,8e-08,8e-08,1e-07,1e-07,5e-08,1e-07,5e-08,5e-08,5e-08,4.5e-08,2.2115e-07,1.4025e-12
2q_mult,ERASE,1.8,5.0,5.0,1.8,1.8,8e-08,8e-08,1e-07,1e-07,5e-08,1e-07,5e-08,5e-08,5e-08,5e-08,6.4715e-06,6.4875e-06
2q_mult,PROGRAM,1.8,5.0,0.0,1.8,1.8,8e-08,8e-08,1e-07,1e-07,5e-08,1e-07,5e-08,5e-08,5e-08,5e-08,2.469e-07,1.2785e-12
2q_mult,ERASE,1.8,5.0,5.0,1.8,1.8,8e-08,8e-08,1e-07,1e-07,5e-08,1e-07,5e-08,5e-08,5e-08,5.5e-08,6.4715e-06,6.4875e-06
2q_mult,PROGRAM,1.8,5.0,0.0,1.8,1.8,8e-08,8e-08,1e-07,1e-07,5e-08,1e-07,5e-08,5e-08,5e-08,5.5e-08,2.7795e-07,1.364e-12
2q_mult,ERASE,1.8,5.0,5.0,1.8,1.8,8e-08,8e-08,1e-07,1e-07,5e-08,1e-07,5e-08,5e-08,5e-08,6e-08,6.466e-06,6.4825e-06
2q_mult,PROGRAM,1.8,5.0,0.0,1.8,1.8,8e-08,8e-08,1e-07,1e-07,5e-08,1e-07,5e-08,5e-08,5e-08,6e-08,3.137e-07,2.8465e-12
2q_mult,ERASE,1.8,5.0,5.0,1.8,1.8,8e-08,8e-08,1e-07,1e-07,5e-08,1e-07,5e-08,5e-08,5e-08,6.5e-08,6.49e-06,6.48e-06
2q_mult,PROGRAM,1.8,5.0,0.0,1.8,1.8,8e-08,8e-08,1e-07,1e-07,5e-08,1e-07,5e-08,5e-08,5e-08,6.5e-08,2.2015e-06,1.282e-12
2q_mult,ERASE,1.8,5.0,5.0,1.8,1.8,8e-08,8e-08,1e-07,1e-07,5e-08,1e-07,5e-08,5e-08,5e-08,6.999999999999999e-08,6.4425e-06,6.472e-06
2q_mult,PROGRAM,1.8,5.0,0.0,1.8,1.8,8e-08,8e-08,1e-07,1e-07,5e-08,1e-07,5e-08,5e-08,5e-08,6.999999999999999e-08,4.2615e-07,1.665e-12
2q_mult,ERASE,1.8,5.0,5.0,1.8,1.8,8e-08,8e-08,1e-07,1e-07,5e-08,1e-07,5e-08,5e-08,5e-08,7.5e-08,8.803e-06,4.5575e-06
2q_mult,PROGRAM,1.8,5.0,0.0,1.8,1.8,8e-08,8e-08,1e-07,1e-07,5e-08,1e-07,5e-08,5e-08,5e-08,7.5e-08,5.429e-07,1.4525e-12
2q_mult,ERASE,1.8,5.0,5.0,1.8,1.8,8e-08,8e-08,1e-07,1e-07,5e-08,1e-07,5e-08,5e-08,5e-08,8e-08,8.8235e-06,2.9035e-06
2q_mult,PROGRAM,1.8,5.0,0.0,1.8,1.8,8e-08,8e-08,1e-07,1e-07,5e-08,1e-07,5e-08,5e-08,5e-08,8e-08,6.716e-07,2.4615e-12
2q_mult,ERASE,1.8,5.0,5.0,1.8,1.8,8e-08,8e-08,1e-07,1e-07,5e-08,1e-07,5e-08,5e-08,5e-08,8.5e-08,1.0112e-05,1.04e-06
2q_mult,PROGRAM,1.8,5.0,0.0,1.8,1.8,8e-08,8e-08,1e-07,1e-07,5e-08,1e-07,5e-08,5e-08,5e-08,8.5e-08,2.0425e-06,3.841e-12
2q_mult,ERASE,1.8,5.0,5.0,1.8,1.8,8e-08,8e-08,1e-07,1e-07,5e-08,1e-07,5e-08,5e-08,5e-08,9e-08,1.1175e-05,9.5e-10
2q_mult,PROGRAM,1.8,5.0,0.0,1.8,1.8,8e-08,8e-08,1e-07,1e-07,5e-08,1e-07,5e-08,5e-08,5e-08,9e-08,2.218e-06,5.0195e-12
2q_mult,ERASE,1.8,5.0,5.0,1.8,1.8,8e-08,8e-08,1e-07,1e-07,5e-08,1e-07,5e-08,5e-08,5e-08,9.499999999999999e-08,1.109e-05,-2e-11
2q_mult,PROGRAM,1.8,5.0,0.0,1.8,1.8,8e-08,8e-08,1e-07,1e-07,5e-08,1e-07,5e-08,5e-08,5e-08,9.499999999999999e-08,9.955e-06,3.196e-12
2q_mult,ERASE,1.8,5.0,5.0,1.8,1.8,8e-08,8e-08,1e-07,1e-07,5e-08,1e-07,5e-08,5e-08,5e-08,1e-07,1.089e-05,3e-12
2q_mult,PROGRAM,1.8,5.0,0.0,1.8,1.8,8e-08,8e-08,1e-07,1e-07,5e-08,1e-07,5e-08,5e-08,5e-08,1e-07,1.0049e-05,1.281e-11
2q_mult,ERASE,1.8,5.0,5.0,1.8,1.8,1e-07,1e-07,1e-07,1e-07,5e-08,1e-07,5e-08,5e-08,5e-08,0.0,6.317e-06,6.336e-06
2q_mult,PROGRAM,1.8,5.0,0.0,1.8,1.8,1e-07,1e-07,1e-07,1e-07,5e-08,1e-07,5e-08,5e-08,5e-08,0.0,1.205e-07,1.4115e-12
2q_mult,ERASE,1.8,5.0,5.0,1.8,1.8,1e-07,1e-07,1e-07,1e-07,5e-08,1e-07,5e-08,5e-08,5e-08,4.9999999999999985e-09,6.3915e-06,6.4055e-06
2q_mult,PROGRAM,1.8,5.0,0.0,1.8,1.8,1e-07,1e-07,1e-07,1e-07,5e-08,1e-07,5e-08,5e-08,5e-08,4.9999999999999985e-09,1.2135e-07,1.507e-12
2q_mult,ERASE,1.8,5.0,5.0,1.8,1.8,1e-07,1e-07,1e-07,1e-07,5e-08,1e-07,5e-08,5e-08,5e-08,9.999999999999997e-09,6.4155e-06,6.4285e-06
2q_mult,PROGRAM,1.8,5.0,0.0,1.8,1.8,1e-07,1e-07,1e-07,1e-07,5e-08,1e-07,5e-08,5e-08,5e-08,9.999999999999997e-09,1.202e-07,1.389e-12
2q_mult,ERASE,1.8,5.0,5.0,1.8,1.8,1e-07,1e-07,1e-07,1e-07,5e-08,1e-07,5e-08,5e-08,5e-08,1.5000000000000002e-08,6.4295e-06,6.4455e-06
2q_mult,PROGRAM,1.8,5.0,0.0,1.8,1.8,1e-07,1e-07,1e-07,1e-07,5e-08,1e-07,5e-08,5e-08,5e-08,1.5000000000000002e-08,1.1985e-07,1.3635e-12
2q_mult,ERASE,1.8,5.0,5.0,1.8,1.8,1e-07,1e-07,1e-07,1e-07,5e-08,1e-07,5e-08,5e-08,5e-08,2e-08,6.4495e-06,6.457e-06
2q_mult,PROGRAM,1.8,5.0,0.0,1.8,1.8,1e-07,1e-07,1e-07,1e-07,5e-08,1e-07,5e-08,5e-08,5e-08,2e-08,1.2015e-07,1.2145e-12
2q_mult,ERASE,1.8,5.0,5.0,1.8,1.8,1e-07,1e-07,1e-07,1e-07,5e-08,1e-07,5e-08,5e-08,5e-08,2.5e-08,6.446e-06,6.4555e-06
2q_mult,PROGRAM,1.8,5.0,0.0,1.8,1.8,1e-07,1e-07,1e-07,1e-07,5e-08,1e-07,5e-08,5e-08,5e-08,2.5e-08,1.278e-07,2.3885e-12
2q_mult,ERASE,1.8,5.0,5.0,1.8,1.8,1e-07,1e-07,1e-07,1e-07,5e-08,1e-07,5e-08,5e-08,5e-08,3e-08,6.4435e-06,6.4655e-06
2q_mult,PROGRAM,1.8,5.0,0.0,1.8,1.8,1e-07,1e-07,1e-07,1e-07,5e-08,1e-07,5e-08,5e-08,5e-08,3e-08,1.371e-07,1.609e-12
2q_mult,ERASE,1.8,5.0,5.0,1.8,1.8,1e-07,1e-07,1e-07,1e-07,5e-08,1e-07,5e-08,5e-08,5e-08,3.4999999999999996e-08,6.446e-06,6.4565e-06
2q_mult,PROGRAM,1.8,5.0,0.0,1.8,1.8,1e-07,1e-07,1e-07,1e-07,5e-08,1e-07,5e-08,5e-08,5e-08,3.4999999999999996e-08,1.4775e-07,1.235e-12
2q_mult,ERASE,1.8,5.0,5.0,1.8,1.8,1e-07,1e-07,1e-07,1e-07,5e-08,1e-07,5e-08,5e-08,5e-08,4e-08,6.454e-06,6.4665e-06
2q_mult,PROGRAM,1.8,5.0,0.0,1.8,1.8,1e-07,1e-07,1e-07,1e-07,5e-08,1e-07,5e-08,5e-08,5e-08,4e-08,1.6125e-07,1.5655e-12
2q_mult,ERASE,1.8,5.0,5.0,1.8,1.8,1e-07,1e-07,1e-07,1e-07,5e-08,1e-07,5e-08,5e-08,5e-08,4.5e-08,6.4505e-06,6.47e-06
2q_mult,PROGRAM,1.8,5.0,0.0,1.8,1.8,1e-07,1e-07,1e-07,1e-07,5e-08,1e-07,5e-08,5e-08,5e-08,4.5e-08,6.444e-06,6.466e-06
2q_mult,ERASE,1.8,5.0,5.0,1.8,1.8,1e-07,1e-07,1e-07,1e-07,5e-08,1e-07,5e-08,5e-08,5e-08,5e-08,6.446e-06,6.4615e-06
2q_mult,PROGRAM,1.8,5.0,0.0,1.8,1.8,1e-07,1e-07,1e-07,1e-07,5e-08,1e-07,5e-08,5e-08,5e-08,5e-08,1.9655e-07,1.4275e-12
2q_mult,ERASE,1.8,5.0,5.0,1.8,1.8,1e-07,1e-07,1e-07,1e-07,5e-08,1e-07,5e-08,5e-08,5e-08,5.5e-08,6.444e-06,6.45e-06
2q_mult,PROGRAM,1.8,5.0,0.0,1.8,1.8,1e-07,1e-07,1e-07,1e-07,5e-08,1e-07,5e-08,5e-08,5e-08,5.5e-08,2.195e-07,1.3775e-12
2q_mult,ERASE,1.8,5.0,5.0,1.8,1.8,1e-07,1e-07,1e-07,1e-07,5e-08,1e-07,5e-08,5e-08,5e-08,6e-08,6.446e-06,6.4605e-06
2q_mult,PROGRAM,1.8,5.0,0.0,1.8,1.8,1e-07,1e-07,1e-07,1e-07,5e-08,1e-07,5e-08,5e-08,5e-08,6e-08,2.5035e-07,2.0495e-12
2q_mult,ERASE,1.8,5.0,5.0,1.8,1.8,1e-07,1e-07,1e-07,1e-07,5e-08,1e-07,5e-08,5e-08,5e-08,6.5e-08,6.431e-06,6.462e-06
2q_mult,PROGRAM,1.8,5.0,0.0,1.8,1.8,1e-07,1e-07,1e-07,1e-07,5e-08,1e-07,5e-08,5e-08,5e-08,6.5e-08,2.9085e-07,1.378e-12
2q_mult,ERASE,1.8,5.0,5.0,1.8,1.8,1e-07,1e-07,1e-07,1e-07,5e-08,1e-07,5e-08,5e-08,5e-08,6.999999999999999e-08,6.4345e-06,6.452e-06
2q_mult,PROGRAM,1.8,5.0,0.0,1.8,1.8,1e-07,1e-07,1e-07,1e-07,5e-08,1e-07,5e-08,5e-08,5e-08,6.999999999999999e-08,3.486e-07,1.44e-12
2q_mult,ERASE,1.8,5.0,5.0,1.8,1.8,1e-07,1e-07,1e-07,1e-07,5e-08,1e-07,5e-08,5e-08,5e-08,7.5e-08,6.6555e-06,5.959e-06
2q_mult,PROGRAM,1.8,5.0,0.0,1.8,1.8,1e-07,1e-07,1e-07,1e-07,5e-08,1e-07,5e-08,5e-08,5e-08,7.5e-08,4.358e-07,1.5005e-12
2q_mult,ERASE,1.8,5.0,5.0,1.8,1.8,1e-07,1e-07,1e-07,1e-07,5e-08,1e-07,5e-08,5e-08,5e-08,8e-08,7.764e-06,4.325e-06
2q_mult,PROGRAM,1.8,5.0,0.0,1.8,1.8,1e-07,1e-07,1e-07,1e-07,5e-08,1e-07,5e-08,5e-08,5e-08,8e-08,5.803e-07,2.0965e-12
2q_mult,ERASE,1.8,5.0,5.0,1.8,1.8,1e-07,1e-07,1e-07,1e-07,5e-08,1e-07,5e-08,5e-08,5e-08,8.5e-08,9.3445e-06,1.4335e-06
2q_mult,PROGRAM,1.8,5.0,0.0,1.8,1.8,1e-07,1e-07,1e-07,1e-07,5e-08,1e-07,5e-08,5e-08,5e-08,8.5e-08,8.6225e-07,3.394e-12
2q_mult,ERASE,1.8,5.0,5.0,1.8,1.8,1e-07,1e-07,1e-07,1e-07,5e-08,1e-07,5e-08,5e-08,5e-08,9e-08,1.1075e-05,5.9e-09
2q_mult,PROGRAM,1.8,5.0,0.0,1.8,1.8,1e-07,1e-07,1e-07,1e-07,5e-08,1e-07,5e-08,5e-08,5e-08,9e-08,1.743e-06,3.7585e-12
2q_mult,ERASE,1.8,5.0,5.0,1.8,1.8,1e-07,1e-07,1e-07,1e-07,5e-08,1e-07,5e-08,5e-08,5e-08,9.499999999999999e-08,9.4275e-06,6.7765e-10
2q_mult,PROGRAM,1.8,5.0,0.0,1.8,1.8,1e-07,1e-07,1e-07,1e-07,5e-08,1e-07,5e-08,5e-08,5e-08,9.499999999999999e-08,9.2475e-06,4.576e-12
2q_mult,ERASE,1.8,5.0,5.0,1.8,1.8,1e-07,1e-07,1e-07,1e-07,5e-08,1e-07,5e-08,5e-08,5e-08,1e-07,1.0885e-05,6.57e-12
2q_mult,PROGRAM,1.8,5.0,0.0,1.8,1.8,1e-07,1e-07,1e-07,1e-07,5e-08,1e-07,5e-08,5e-08,5e-08,1e-07,1.005e-05,1.5515e-11
1q_mult,ERASE,1.8,5.0,5.0,1.8,1.8,1e-07,1e-07,0.0,0.0,5e-08,1e-07,5e-08,5e-08,5e-08,0.0,6.3965e-06,6.4095e-06
1q_mult,PROGRAM,1.8,5.0,0.0,1.8,1.8,1e-07,1e-07,0.0,0.0,5e-08,1e-07,5e-08,5e-08,5e-08,0.0,6.397e-06,6.4145e-06
1q_mult,ERASE,1.8,5.0,5.0,1.8,1.8,1e-07,1e-07,0.0,0.0,5e-08,1e-07,5e-08,5e-08,5e-08,4.9999999999999985e-09,6.3715e-06,6.3875e-06
1q_mult,PROGRAM,1.8,5.0,0.0,1.8,1.8,1e-07,1e-07,0.0,0.0,5e-08,1e-07,5e-08,5e-08,5e-08,4.9999999999999985e-09,6.367e-06,1.4285e-12
1q_mult,ERASE,1.8,5.0,5.0,1.8,1.8,1e-07,1e-07,0.0,0.0,5e-08,1e-07,5e-08,5e-08,5e-08,9.999999999999997e-09,6.4085e-06,6.422e-06
1q_mult,PROGRAM,1.8,5.0,0.0,1.8,1.8,1e-07,1e-07,0.0,0.0,5e-08,1e-07,5e-08,5e-08,5e-08,9.999999999999997e-09,1.394e-12,1.3875e-12
1q_mult,ERASE,1.8,5.0,5.0,1.8,1.8,1e-07,1e-07,0.0,0.0,5e-08,1e-07,5e-08,5e-08,5e-08,1.5000000000000002e-08,6.43e-06,6.438e-06
1q_mult,PROGRAM,1.8,5.0,0.0,1.8,1.8,1e-07,1e-07,0.0,0.0,5e-08,1e-07,5e-08,5e-08,5e-08,1.5000000000000002e-08,1.5505e-12,1.475e-12
1q_mult,ERASE,1.8,5.0,5.0,1.8,1.8,1e-07,1e-07,0.0,0.0,5e-08,1e-07,5e-08,5e-08,5e-08,2e-08,6.4535e-06,6.4545e-06
1q_mult,PROGRAM,1.8,5.0,0.0,1.8,1.8,1e-07,1e-07,0.0,0.0,5e-08,1e-07,5e-08,5e-08,5e-08,2e-08,1.4535e-12,1.6135e-12
1q_mult,ERASE,1.8,5.0,5.0,1.8,1.8,1e-07,1e-07,0.0,0.0,5e-08,1e-07,5e-08,5e-08,5e-08,2.5e-08,6.44e-06,6.453e-06
1q_mult,PROGRAM,1.8,5.0,0.0,1.8,1.8,1e-07,1e-07,0.0,0.0,5e-08,1e-07,5e-08,5e-08,5e-08,2.5e-08,1.492e-12,1.375e-12
1q_mult,ERASE,1.8,5.0,5.0,1.8,1.8,1e-07,1e-07,0.0,0.0,5e-08,1e-07,5e-08,5e-08,5e-08,3e-08,6.457e-06,6.4585e-06
1q_mult,PROGRAM,1.8,5.0,0.0,1.8,1.8,1e-07,1e-07,0.0,0.0,5e-08,1e-07,5e-08,5e-08,5e-08,3e-08,1.4005e-12,1.631e-12
1q_mult,ERASE,1.8,5.0,5.0,1.8,1.8,1e-07,1e-07,0.0,0.0,5e-08,1e-07,5e-08,5e-08,5e-08,3.4999999999999996e-08,6.461e-06,6.4605e-06
1q_mult,PROGRAM,1.8,5.0,0.0,1.8,1.8,1e-07,1e-07,0.0,0.0,5e-08,1e-07,5e-08,5e-08,5e-08,3.4999999999999996e-08,1.392e-12,1.567e-12
1q_mult,ERASE,1.8,5.0,5.0,1.8,1.8,1e-07,1e-07,0.0,0.0,5e-08,1e-07,5e-08,5e-08,5e-08,4e-08,6.456e-06,6.4485e-06
1q_mult,PROGRAM,1.8,5.0,0.0,1.8,1.8,1e-07,1e-07,0.0,0.0,5e-08,1e-07,5e-08,5e-08,5e-08,4e-08,1.389e-12,1.457e-12
1q_mult,ERASE,1.8,5.0,5.0,1.8,1.8,1e-07,1e-07,0.0,0.0,5e-08,1e-07,5e-08,5e-08,5e-08,4.5e-08,6.447e-06,6.4485e-06
1q_mult,PROGRAM,1.8,5.0,0.0,1.8,1.8,1e-07,1e-07,0.0,0.0,5e-08,1e-07,5e-08,5e-08,5e-08,4.5e-08,1.374e-12,1.491e-12
1q_mult,ERASE,1.8,5.0,5.0,1.8,1.8,1e-07,1e-07,0.0,0.0,5e-08,1e-07,5e-08,5e-08,5e-08,5e-08,6.446e-06,6.448e-06
1q_mult,PROGRAM,1.8,5.0,0.0,1.8,1.8,1e-07,1e-07,0.0,0.0,5e-08,1e-07,5e-08,5e-08,5e-08,5e-08,1.5305e-12,1.299e-12
1q_mult,ERASE,1.8,5.0,5.0,1.8,1.8,1e-07,1e-07,0.0,0.0,5e-08,1e-07,5e-08,5e-08,5e-08,5.5e-08,6.44e-06,6.4255e-06
1q_mult,PROGRAM,1.8,5.0,0.0,1.8,1.8,1e-07,1e-07,0.0,0.0,5e-08,1e-07,5e-08,5e-08,5e-08,5.5e-08,1.4035e-12,1.284e-12
1q_mult,ERASE,1.8,5.0,5.0,1.8,1.8,1e-07,1e-07,0.0,0.0,5e-08,1e-07,5e-08,5e-08,5e-08,6e-08,6.4195e-06,6.428e-06
1q_mult,PROGRAM,1.8,5.0,0.0,1.8,1.8,1e-07,1e-07,0.0,0.0,5e-08,1e-07,5e-08,5e-08,5e-08,6e-08,1.3735e-12,7.865e-13
1q_mult,ERASE,1.8,5.0,5.0,1.8,1.8,1e-07,1e-07,0.0,0.0,5e-08,1e-07,5e-08,5e-08,5e-08,6.5e-08,6.423e-06,6.417e-06
1q_mult,PROGRAM,1.8,5.0,0.0,1.8,1.8,1e-07,1e-07,0.0,0.0,5e-08,1e-07,5e-08,5e-08,5e-08,6.5e-08,1.3715e-12,1.299e-12
1q_mult,ERASE,1.8,5.0,5.0,1.8,1.8,1e-07,1e-07,0.0,0.0,5e-08,1e-07,5e-08,5e-08,5e-08,6.999999999999999e-08,6.4025e-06,6.4095e-06
1q_mult,PROGRAM,1.8,5.0,0.0,1.8,1.8,1e-07,1e-07,0.0,0.0,5e-08,1e-07,5e-08,5e-08,5e-08,6.999999999999999e-08,1.5835e-12,1.2915e-12
1q_mult,ERASE,1.8,5.0,5.0,1.8,1.8,1e-07,1e-07,0.0,0.0,5e-08,1e-07,5e-08,5e-08,5e-08,7.5e-08,7.3e-06,5.715e-06
1q_mult,PROGRAM,1.8,5.0,0.0,1.8,1.8,1e-07,1e-07,0.0,0.0,5e-08,1e-07,5e-08,5e-08,5e-08,7.5e-08,1.4445e-12,8.325e-13
1q_mult,ERASE,1.8,5.0,5.0,1.8,1.8,1e-07,1e-07,0.0,0.0,5e-08,1e-07,5e-08,5e-08,5e-08,8e-08,6.545e-06,3.376e-06
1q_mult,PROGRAM,1.8,5.0,0.0,1.8,1.8,1e-07,1e-07,0.0,0.0,5e-08,1e-07,5e-08,5e-08,5e-08,8e-08,1.46e-12,1.3185e-12
1q_mult,ERASE,1.8,5.0,5.0,1.8,1.8,1e-07,1e-07,0.0,0.0,5e-08,1e-07,5e-08,5e-08,5e-08,8.5e-08,7.399e-06,1.503e-06
1q_mult,PROGRAM,1.8,5.0,0.0,1.8,1.8,1e-07,1e-07,0.0,0.0,5e-08,1e-07,5e-08,5e-08,5e-08,8.5e-08,9.7565e-06,2.34e-12
1q_mult,ERASE,1.8,5.0,5.0,1.8,1.8,1e-07,1e-07,0.0,0.0,5e-08,1e-07,5e-08,5e-08,5e-08,9e-08,8.765e-06,5.855e-07
1q_mult,PROGRAM,1.8,5.0,0.0,1.8,1.8,1e-07,1e-07,0.0,0.0,5e-08,1e-07,5e-08,5e-08,5e-08,9e-08,1.3765e-12,1.4725e-12
1q_mult,ERASE,1.8,5.0,5.0,1.8,1.8,1e-07,1e-07,0.0,0.0,5e-08,1e-07,5e-08,5e-08,5e-08,9.499999999999999e-08,4.431e-08,7.028e-10
1q_mult,PROGRAM,1.8,5.0,0.0,1.8,1.8,1e-07,1e-07,0.0,0.0,5e-08,1e-07,5e-08,5e-08,5e-08,9.499999999999999e-08,1.4035e-12,1.4635e-12
1q_mult,ERASE,1.8,5.0,5.0,1.8,1.8,1e-07,1e-07,0.0,0.0,5e-08,1e-07,5e-08,5e-08,5e-08,1e-07,3.0215e-09,6.035e-10
1q_mult,PROGRAM,1.8,5.0,0.0,1.8,1.8,1e-07,1e-07,0.0,0.0,5e-08,1e-07,5e-08,5e-08,5e-08,1e-07,1.469e-12,1.7095e-12
1q_mult,ERASE,1.8,5.0,5.0,1.8,1.8,1e-07,1e-07,2e-08,2e-08,5e-08,1e-07,5e-08,5e-08,5e-08,0.0,6.4125e-06,6.4145e-06
1q_mult,PROGRAM,1.8,5.0,0.0,1.8,1.8,1e-07,1e-07,2e-08,2e-08,5e-08,1e-07,5e-08,5e-08,5e-08,0.0,2.465e-08,1.4455e-12
1q_mult,ERASE,1.8,5.0,5.0,1.8,1.8,1e-07,1e-07,2e-08,2e-08,5e-08,1e-07,5e-08,5e-08,5e-08,4.9999999999999985e-09,6.4075e-06,6.403e-06
1q_mult,PROGRAM,1.8,5.0,0.0,1.8,1.8,1e-07,1e-07,2e-08,2e-08,5e-08,1e-07,5e-08,5e-08,5e-08,4.9999999999999985e-09,5e-10,1.713e-12
1q_mult,ERASE,1.8,5.0,5.0,1.8,1.8,1e-07,1e-07,2e-08,2e-08,5e-08,1e-07,5e-08,5e-08,5e-08,9.999999999999997e-09,6.403e-06,6.4045e-06
1q_mult,PROGRAM,1.8,5.0,0.0,1.8,1.8,1e-07,1e-07,2e-08,2e-08,5e-08,1e-07,5e-08,5e-08,5e-08,9.999999999999997e-09,2.478e-08,1.4025e-12
1q_mult,ERASE,1.8,5.0,5.0,1.8,1.8,1e-07,1e-07,2e-08,2e-08,5e-08,1e-07,5e-08,5e-08,5e-08,1.5000000000000002e-08,6.398e-06,6.403e-06
1q_mult,PROGRAM,1.8,5.0,0.0,1.8,1.8,1e-07,1e-07,2e-08,2e-08,5e-08,1e-07,5e-08,5e-08,5e-08,1.5000000000000002e-08,2.446e-08,1.3005e-12
1q_mult,ERASE,1.8,5.0,5.0,1.8,1.8,1e-07,1e-07,2e-08,2e-08,5e-08,1e-07,5e-08,5e-08,5e-08,2e-08,6.394e-06,6.3975e-06
1q_mult,PROGRAM,1.8,5.0,0.0,1.8,1.8,1e-07,1e-07,2e-08,2e-08,5e-08,1e-07,5e-08,5e-08,5e-08,2e-08,6.391e-06,3.2035e-06
1q_mult,ERASE,1.8,5.0,5.0,1.8,1.8,1e-07,1e-07,2e-08,2e-08,5e-08,1e-07,5e-08,5e-08,5e-08,2.5e-08,6.3845e-06,6.391e-06
1q_mult,PROGRAM,1.8,5.0,0.0,1.8,1.8,1e-07,1e-07,2e-08,2e-08,5e-08,1e-07,5e-08,5e-08,5e-08,2.5e-08,2.652e-08,1.454e-12
1q_mult,ERASE,1.8,5.0,5.0,1.8,1.8,1e-07,1e-07,2e-08,2e-08,5e-08,1e-07,5e-08,5e-08,5e-08,3e-08,6.389e-06,6.387e-06
1q_mult,PROGRAM,1.8,5.0,0.0,1.8,1.8,1e-07,1e-07,2e-08,2e-08,5e-08,1e-07,5e-08,5e-08,5e-08,3e-08,2.8095e-08,1.6465e-12
1q_mult,ERASE,1.8,5.0,5.0,1.8,1.8,1e-07,1e-07,2e-08,2e-08,5e-08,1e-07,5e-08,5e-08,5e-08,3.4999999999999996e-08,6.382e-06,6.382e-06
1q_mult,PROGRAM,1.8,5.0,0.0,1.8,1.8,1e-07,1e-07,2e-08,2e-08,5e-08,1e-07,5e-08,5e-08,5e-08,3.4999999999999996e-08,6.383e-06,1.4595e-12
1q_mult,ERASE,1.8,5.0,5.0,1.8,1.8,1e-07,1e-07,2e-08,2e-08,5e-08,1e-07,5e-08,5e-08,5e-08,4e-08,6.38e-06,6.391e-06
1q_mult,PROGRAM,1.8,5.0,0.0,1.8,1.8,1e-07,1e-07,2e-08,2e-08,5e-08,1e-07,5e-08,5e-08,5e-08,4e-08,3.321e-08,1.308e-12
1q_mult,ERASE,1.8,5.0,5.0,1.8,1.8,1e-07,1e-07,2e-08,2e-08,5e-08,1e-07,5e-08,5e-08,5e-08,4.5e-08,6.3805e-06,6.376e-06
1q_mult,PROGRAM,1.8,5.0,0.0,1.8,1.8,1e-07,1e-07,2e-08,2e-08,5e-08,1e-07,5e-08,5e-08,5e-08,4.5e-08,3.68e-08,1.34e-12
1q_mult,ERASE,1.8,5.0,5.0,1.8,1.8,1e-07,1e-07,2e-08,2e-08,5e-08,1e-07,5e-08,5e-08,5e-08,5e-08,6.3735e-06,6.3785e-06
1q_mult,PROGRAM,1.8,5.0,0.0,1.8,1.8,1e-07,1e-07,2e-08,2e-08,5e-08,1e-07,5e-08,5e-08,5e-08,5e-08,4.092e-08,1.6335e-12
1q_mult,ERASE,1.8,5.0,5.0,1.8,1.8,1e-07,1e-07,2e-08,2e-08,5e-08,1e-07,5e-08,5e-08,5e-08,5.5e-08,6.3735e-06,6.368e-06
1q_mult,PROGRAM,1.8,5.0,0.0,1.8,1.8,1e-07,1e-07,2e-08,2e-08,5e-08,1e-07,5e-08,5e-08,5e-08,5.5e-08,4.9725e-08,1.1685e-12
1q_mult,ERASE,1.8,5.0,5.0,1.8,1.8,1e-07,1e-07,2e-08,2e-08,5e-08,1e-07,5e-08,5e-08,5e-08,6e-08,6.387e-06,6.3815e-06
1q_mult,PROGRAM,1.8,5.0,0.0,1.8,1.8,1e-07,1e-07,2e-08,2e-08,5e-08,1e-07,5e-08,5e-08,5e-08,6e-08,5.805e-08,1.2705e-12
1q_mult,ERASE,1.8,5.0,5.0,1.8,1.8,1e-07,1e-07,2e-08,2e-08,5e-08,1e-07,5e-08,5e-08,5e-08,6.5e-08,6.3685e-06,6.369e-06
1q_mult,PROGRAM,1.8,5.0,0.0,1.8,1.8,1e-07,1e-07,2e-08,2e-08,5e-08,1e-07,5e-08,5e-08,5e-08,6.5e-08,6.3255e-08,-2.5475e-12
1q_mult,ERASE,1.8,5.0,5.0,1.8,1.8,1e-07,1e-07,2e-08,2e-08,5e-08,1e-07,5e-08,5e-08,5e-08,6.999999999999999e-08,6.3685e-06,6.362e-06
1q_mult,PROGRAM,1.8,5.0,0.0,1.8,1.8,1e-07,1e-07,2e-08,2e-08,5e-08,1e-07,5e-08,5e-08,5e-08,6.999999999999999e-08,7.507e-08,1.417e-12
1q_mult,ERASE,1.8,5.0,5.0,1.8,1.8,1e-07,1e-07,2e-08,2e-08,5e-08,1e-07,5e-08,5e-08,5e-08,7.5e-08,6.3435e-06,6.3535e-06
1q_mult,PROGRAM,1.8,5.0,0.0,1.8,1.8,1e-07,1e-07,2e-08,2e-08,5e-08,1e-07,5e-08,5e-08,5e-08,7.5e-08,9.53e-08,2.39e-12
1q_mult,ERASE,1.8,5.0,5.0,1.8,1.8,1e-07,1e-07,2e-08,2e-08,5e-08,1e-07,5e-08,5e-08,5e-08,8e-08,1.1155e-05,2e-10
1q_mult,PROGRAM,1.8,5.0,0.0,1.8,1.8,1e-07,1e-07,2e-08,2e-08,5e-08,1e-07,5e-08,5e-08,5e-08,8e-08,1.29e-07,5.936e-12
1q_mult,ERASE,1.8,5.0,5.0,1.8,1.8,1e-07,1e-07,2e-08,2e-08,5e-08,1e-07,5e-08,5e-08,5e-08,8.5e-08,1.111e-05,5.165e-10
1q_mult,PROGRAM,1.8,5.0,0.0,1.8,1.8,1e-07,1e-07,2e-08,2e-08,5e-08,1e-07,5e-08,5e-08,5e-08,8.5e-08,1.1065e-05,5.3755e-12
1q_mult,ERASE,1.8,5.0,5.0,1.8,1.8,1e-07,1e-07,2e-08,2e-08,5e-08,1e-07,5e-08,5e-08,5e-08,9e-08,1.1095e-05,5.79e-10
1q_mult,PROGRAM,1.8,5.0,0.0,1.8,1.8,1e-07,1e-07,2e-08,2e-08,5e-08,1e-07,5e-08,5e-08,5e-08,9e-08,4.9955e-07,5.751e-12
1q_mult,ERASE,1.8,5.0,5.0,1.8,1.8,1e-07,1e-07,2e-08,2e-08,5e-08,1e-07,5e-08,5e-08,5e-08,9.499999999999999e-08,1.041e-06,1.17e-09
1q_mult,PROGRAM,1.8,5.0,0.0,1.8,1.8,1e-07,1e-07,2e-08,2e-08,5e-08,1e-07,5e-08,5e-08,5e-08,9.499999999999999e-08,4.6545e-06,6.0765e-12
1q_mult,ERASE,1.8,5.0,5.0,1.8,1.8,1e-07,1e-07,2e-08,2e-08,5e-08,1e-07,5e-08,5e-08,5e-08,1e-07,2.602e-07,3.85e-09
1q_mult,PROGRAM,1.8,5.0,0.0,1.8,1.8,1e-07,1e-07,2e-08,2e-08,5e-08,1e-07,5e-08,5e-08,5e-08,1e-07,7.7665e-06,1.02825e-11
1q_mult,ERASE,1.8,5.0,5.0,1.8,1.8,1e-07,1e-07,4e-08,4e-08,5e-08,1e-07,5e-08,5e-08,5e-08,0.0,6.385e-06,6.386e-06
1q_mult,PROGRAM,1.8,5.0,0.0,1.8,1.8,1e-07,1e-07,4e-08,4e-08,5e-08,1e-07,5e-08,5e-08,5e-08,0.0,4.7325e-08,1.3695e-12
1q_mult,ERASE,1.8,5.0,5.0,1.8,1.8,1e-07,1e-07,4e-08,4e-08,5e-08,1e-07,5e-08,5e-08,5e-08,4.9999999999999985e-09,6.4085e-06,6.4095e-06
1q_mult,PROGRAM,1.8,5.0,0.0,1.8,1.8,1e-07,1e-07,4e-08,4e-08,5e-08,1e-07,5e-08,5e-08,5e-08,4.9999999999999985e-09,6.406e-06,6.4055e-06
1q_mult,ERASE,1.8,5.0,5.0,1.8,1.8,1e-07,1e-07,4e-08,4e-08,5e-08,1e-07,5e-08,5e-08,5e-08,9.999999999999997e-09,6.404e-06,6.4085e-06
1q_mult,PROGRAM,1.8,5.0,0.0,1.8,1.8,1e-07,1e-07,4e-08,4e-08,5e-08,1e-07,5e-08,5e-08,5e-08,9.999999999999997e-09,6.4e-06,6.4005e-06
1q_mult,ERASE,1.8,5.0,5.0,1.8,1.8,1e-07,1e-07,4e-08,4e-08,5e-08,1e-07,5e-08,5e-08,5e-08,1.5000000000000002e-08,6.4e-06,6.406e-06
1q_mult,PROGRAM,1.8,5.0,0.0,1.8,1.8,1e-07,1e-07,4e-08,4e-08,5e-08,1e-07,5e-08,5e-08,5e-08,1.5000000000000002e-08,6.401e-06,6.4025e-06
1q_mult,ERASE,1.8,5.0,5.0,1.8,1.8,1e-07,1e-07,4e-08,4e-08,5e-08,1e-07,5e-08,5e-08,5e-08,2e-08,6.4005e-06,6.4025e-06
1q_mult,PROGRAM,1.8,5.0,0.0,1.8,1.8,1e-07,1e-07,4e-08,4e-08,5e-08,1e-07,5e-08,5e-08,5e-08,2e-08,6.4005e-06,6.4005e-06
1q_mult,ERASE,1.8,5.0,5.0,1.8,1.8,1e-07,1e-07,4e-08,4e-08,5e-08,1e-07,5e-08,5e-08,5e-08,2.5e-08,6.3975e-06,6.396e-06
1q_mult,PROGRAM,1.8,5.0,0.0,1.8,1.8,1e-07,1e-07,4e-08,4e-08,5e-08,1e-07,5e-08,5e-08,5e-08,2.5e-08,6.397e-06,6.3955e-06
1q_mult,ERASE,1.8,5.0,5.0,1.8,1.8,1e-07,1e-07,4e-08,4e-08,5e-08,1e-07,5e-08,5e-08,5e-08,3e-08,6.396e-06,6.398e-06
1q_mult,PROGRAM,1.8,5.0,0.0,1.8,1.8,1e-07,1e-07,4e-08,4e-08,5e-08,1e-07,5e-08,5e-08,5e-08,3e-08,6.388e-06,6.395e-06
1q_mult,ERASE,1.8,5.0,5.0,1.8,1.8,1e-07,1e-07,4e-08,4e-08,5e-08,1e-07,5e-08,5e-08,5e-08,3.4999999999999996e-08,6.394e-06,6.3945e-06
1q_mult,PROGRAM,1.8,5.0,0.0,1.8,1.8,1e-07,1e-07,4e-08,4e-08,5e-08,1e-07,5e-08,5e-08,5e-08,3.4999999999999996e-08,6.386e-06,6.3925e-06
1q_mult,ERASE,1.8,5.0,5.0,1.8,1.8,1e-07,1e-07,4e-08,4e-08,5e-08,1e-07,5e-08,5e-08,5e-08,4e-08,6.394e-06,6.3895e-06
1q_mult,PROGRAM,1.8,5.0,0.0,1.8,1.8,1e-07,1e-07,4e-08,4e-08,5e-08,1e-07,5e-08,5e-08,5e-08,4e-08,6.39e-06,6.3895e-06
1q_mult,ERASE,1.8,5.0,5.0,1.8,1.8,1e-07,1e-07,4e-08,4e-08,5e-08,1e-07,5e-08,5e-08,5e-08,4.5e-08,6.384e-06,6.392e-06
1q_mult,PROGRAM,1.8,5.0,0.0,1.8,1.8,1e-07,1e-07,4e-08,4e-08,5e-08,1e-07,5e-08,5e-08,5e-08,4.5e-08,7.1775e-08,1.381e-12
1q_mult,ERASE,1.8,5.0,5.0,1.8,1.8,1e-07,1e-07,4e-08,4e-08,5e-08,1e-07,5e-08,5e-08,5e-08,5e-08,8.239e-08,6.3805e-06
1q_mult,PROGRAM,1.8,5.0,0.0,1.8,1.8,1e-07,1e-07,4e-08,4e-08,5e-08,1e-07,5e-08,5e-08,5e-08,5e-08,8.004e-08,1.446e-12
1q_mult,ERASE,1.8,5.0,5.0,1.8,1.8,1e-07,1e-07,4e-08,4e-08,5e-08,1e-07,5e-08,5e-08,5e-08,5.5e-08,6.3905e-06,6.391e-06
1q_mult,PROGRAM,1.8,5.0,0.0,1.8,1.8,1e-07,1e-07,4e-08,4e-08,5e-08,1e-07,5e-08,5e-08,5e-08,5.5e-08,9.025e-08,-1.845e-13
1q_mult,ERASE,1.8,5.0,5.0,1.8,1.8,1e-07,1e-07,4e-08,4e-08,5e-08,1e-07,5e-08,5e-08,5e-08,6e-08,6.392e-06,6.399e-06
1q_mult,PROGRAM,1.8,5.0,0.0,1.8,1.8,1e-07,1e-07,4e-08,4e-08,5e-08,1e-07,5e-08,5e-08,5e-08,6e-08,1.2275e-07,1.3485e-12
1q_mult,ERASE,1.8,5.0,5.0,1.8,1.8,1e-07,1e-07,4e-08,4e-08,5e-08,1e-07,5e-08,5e-08,5e-08,6.5e-08,6.387e-06,6.3895e-06
1q_mult,PROGRAM,1.8,5.0,0.0,1.8,1.8,1e-07,1e-07,4e-08,4e-08,5e-08,1e-07,5e-08,5e-08,5e-08,6.5e-08,1.2065e-07,1.4505e-12
1q_mult,ERASE,1.8,5.0,5.0,1.8,1.8,1e-07,1e-07,4e-08,4e-08,5e-08,1e-07,5e-08,5e-08,5e-08,6.999999999999999e-08,6.385e-06,6.386e-06
1q_mult,PROGRAM,1.8,5.0,0.0,1.8,1.8,1e-07,1e-07,4e-08,4e-08,5e-08,1e-07,5e-08,5e-08,5e-08,6.999999999999999e-08,1.466e-07,2.35e-12
1q_mult,ERASE,1.8,5.0,5.0,1.8,1.8,1e-07,1e-07,4e-08,4e-08,5e-08,1e-07,5e-08,5e-08,5e-08,7.5e-08,8.595e-06,8.63e-07
1q_mult,PROGRAM,1.8,5.0,0.0,1.8,1.8,1e-07,1e-07,4e-08,4e-08,5e-08,1e-07,5e-08,5e-08,5e-08,7.5e-08,1.832e-07,1.431e-12
1q_mult,ERASE,1.8,5.0,5.0,1.8,1.8,1e-07,1e-07,4e-08,4e-08,5e-08,1e-07,5e-08,5e-08,5e-08,8e-08,1.112e-05,5.66e-09
1q_mult,PROGRAM,1.8,5.0,0.0,1.8,1.8,1e-07,1e-07,4e-08,4e-08,5e-08,1e-07,5e-08,5e-08,5e-08,8e-08,2.619e-07,2.6435e-12
1q_mult,ERASE,1.8,5.0,5.0,1.8,1.8,1e-07,1e-07,4e-08,4e-08,5e-08,1e-07,5e-08,5e-08,5e-08,8.5e-08,1.111e-05,3.25e-12
1q_mult,PROGRAM,1.8,5.0,0.0,1.8,1.8,1e-07,1e-07,4e-08,4e-08,5e-08,1e-07,5e-08,5e-08,5e-08,8.5e-08,3.818e-07,2.804e-12
1q_mult,ERASE,1.8,5.0,5.0,1.8,1.8,1e-07,1e-07,4e-08,4e-08,5e-08,1e-07,5e-08,5e-08,5e-08,9e-08,1.108e-05,2.95e-12
1q_mult,PROGRAM,1.8,5.0,0.0,1.8,1.8,1e-07,1e-07,4e-08,4e-08,5e-08,1e-07,5e-08,5e-08,5e-08,9e-08,8.4435e-07,2.67e-12
1q_mult,ERASE,1.8,5.0,5.0,1.8,1.8,1e-07,1e-07,4e-08,4e-08,5e-08,1e-07,5e-08,5e-08,5e-08,9.499999999999999e-08,1.6955e-06,6.735e-10
1q_mult,PROGRAM,1.8,5.0,0.0,1.8,1.8,1e-07,1e-07,4e-08,4e-08,5e-08,1e-07,5e-08,5e-08,5e-08,9.499999999999999e-08,5.7985e-06,3.0975e-12
1q_mult,ERASE,1.8,5.0,5.0,1.8,1.8,1e-07,1e-07,4e-08,4e-08,5e-08,1e-07,5e-08,5e-08,5e-08,1e-07,1.1e-05,1.9e-12
1q_mult,PROGRAM,1.8,5.0,0.0,1.8,1.8,1e-07,1e-07,4e-08,4e-08,5e-08,1e-07,5e-08,5e-08,5e-08,1e-07,9.8705e-06,7.195e-11
1q_mult,ERASE,1.8,5.0,5.0,1.8,1.8,1e-07,1e-07,6e-08,6e-08,5e-08,1e-07,5e-08,5e-08,5e-08,0.0,6.458e-06,6.4655e-06
1q_mult,PROGRAM,1.8,5.0,0.0,1.8,1.8,1e-07,1e-07,6e-08,6e-08,5e-08,1e-07,5e-08,5e-08,5e-08,0.0,6.6e-08,1.378e-12
1q_mult,ERASE,1.8,5.0,5.0,1.8,1.8,1e-07,1e-07,6e-08,6e-08,5e-08,1e-07,5e-08,5e-08,5e-08,4.9999999999999985e-09,6.3905e-06,6.386e-06
1q_mult,PROGRAM,1.8,5.0,0.0,1.8,1.8,1e-07,1e-07,6e-08,6e-08,5e-08,1e-07,5e-08,5e-08,5e-08,4.9999999999999985e-09,7.3595e-08,1.3715e-12
1q_mult,ERASE,1.8,5.0,5.0,1.8,1.8,1e-07,1e-07,6e-08,6e-08,5e-08,1e-07,5e-08,5e-08,5e-08,9.999999999999997e-09,6.3965e-06,6.4e-06
1q_mult,PROGRAM,1.8,5.0,0.0,1.8,1.8,1e-07,1e-07,6e-08,6e-08,5e-08,1e-07,5e-08,5e-08,5e-08,9.999999999999997e-09,7.1915e-08,2.0595e-12
1q_mult,ERASE,1.8,5.0,5.0,1.8,1.8,1e-07,1e-07,6e-08,6e-08,5e-08,1e-07,5e-08,5e-08,5e-08,1.5000000000000002e-08,6.4095e-06,6.4115e-06
1q_mult,PROGRAM,1.8,5.0,0.0,1.8,1.8,1e-07,1e-07,6e-08,6e-08,5e-08,1e-07,5e-08,5e-08,5e-08,1.5000000000000002e-08,7.256e-08,1.469e-12
1q_mult,ERASE,1.8,5.0,5.0,1.8,1.8,1e-07,1e-07,6e-08,6e-08,5e-08,1e-07,5e-08,5e-08,5e-08,2e-08,6.436e-06,6.4205e-06
1q_mult,PROGRAM,1.8,5.0,0.0,1.8,1.8,1e-07,1e-07,6e-08,6e-08,5e-08,1e-07,5e-08,5e-08,5e-08,2e-08,7.6175e-08,1.5785e-12
1q_mult,ERASE,1.8,5.0,5.0,1.8,1.8,1e-07,1e-07,6e-08,6e-08,5e-08,1e-07,5e-08,5e-08,5e-08,2.5e-08,6.426e-06,6.4275e-06
1q_mult,PROGRAM,1.8,5.0,0.0,1.8,1.8,1e-07,1e-07,6e-08,6e-08,5e-08,1e-07,5e-08,5e-08,5e-08,2.5e-08,6.4275e-06,4.8245e-06
1q_mult,ERASE,1.8,5.0,5.0,1.8,1.8,1e-07,1e-07,6e-08,6e-08,5e-08,1e-07,5e-08,5e-08,5e-08,3e-08,6.423e-06,6.422e-06
1q_mult,PROGRAM,1.8,5.0,0.0,1.8,1.8,1e-07,1e-07,6e-08,6e-08,5e-08,1e-07,5e-08,5e-08,5e-08,3e-08,8.2895e-08,1.7275e-12
1q_mult,ERASE,1.8,5.0,5.0,1.8,1.8,1e-07,1e-07,6e-08,6e-08,5e-08,1e-07,5e-08,5e-08,5e-08,3.4999999999999996e-08,6.432e-06,6.4295e-06
1q_mult,PROGRAM,1.8,5.0,0.0,1.8,1.8,1e-07,1e-07,6e-08,6e-08,5e-08,1e-07,5e-08,5e-08,5e-08,3.4999999999999996e-08,8.979e-08,1.324e-12
1q_mult,ERASE,1.8,5.0,5.0,1.8,1.8,1e-07,1e-07,6e-08,6e-08,5e-08,1e-07,5e-08,5e-08,5e-08,4e-08,6.4275e-06,6.4375e-06
1q_mult,PROGRAM,1.8,5.0,0.0,1.8,1.8,1e-07,1e-07,6e-08,6e-08,5e-08,1e-07,5e-08,5e-08,5e-08,4e-08,6.432e-06,1.5365e-12
1q_mult,ERASE,1.8,5.0,5.0,1.8,1.8,1e-07,1e-07,6e-08,6e-08,5e-08,1e-07,5e-08,5e-08,5e-08,4.5e-08,6.4225e-06,6.42e-06
1q_mult,PROGRAM,1.8,5.0,0.0,1.8,1.8,1e-07,1e-07,6e-08,6e-08,5e-08,1e-07,5e-08,5e-08,5e-08,4.5e-08,1.0685e-07,1.5185e-12
1q_mult,ERASE,1.8,5.0,5.0,1.8,1.8,1e-07,1e-07,6e-08,6e-08,5e-08,1e-07,5e-08,5e-08,5e-08,5e-08,6.427e-06,6.4275e-06
1q_mult,PROGRAM,1.8,5.0,0.0,1.8,1.8,1e-07,1e-07,6e-08,6e-08,5e-08,1e-07,5e-08,5e-08,5e-08,5e-08,1.2e-07,1.326e-12
1q_mult,ERASE,1.8,5.0,5.0,1.8,1.8,1e-07,1e-07,6e-08,6e-08,5e-08,1e-07,5e-08,5e-08,5e-08,5.5e-08,6.4245e-06,6.42e-06
1q_mult,PROGRAM,1.8,5.0,0.0,1.8,1.8,1e-07,1e-07,6e-08,6e-08,5e-08,1e-07,5e-08,5e-08,5e-08,5.5e-08,1.3365e-07,1.431e-12
1q_mult,ERASE,1.8,5.0,5.0,1.8,1.8,1e-07,1e-07,6e-08,6e-08,5e-08,1e-07,5e-08,5e-08,5e-08,6e-08,6.42e-06,6.43e-06
1q_mult,PROGRAM,1.8,5.0,0.0,1.8,1.8,1e-07,1e-07,6e-08,6e-08,5e-08,1e-07,5e-08,5e-08,5e-08,6e-08,1.5665e-07,1.287e-12
1q_mult,ERASE,1.8,5.0,5.0,1.8,1.8,1e-07,1e-07,6e-08,6e-08,5e-08,1e-07,5e-08,5e-08,5e-08,6.5e-08,6.424e-06,6.427e-06
1q_mult,PROGRAM,1.8,5.0,0.0,1.8,1.8,1e-07,1e-07,6e-08,6e-08,5e-08,1e-07,5e-08,5e-08,5e-08,6.5e-08,1.8015e-07,2.075e-12
1q_mult,ERASE,1.8,5.0,5.0,1.8,1.8,1e-07,1e-07,6e-08,6e-08,5e-08,1e-07,5e-08,5e-08,5e-08,6.999999999999999e-08,2.1485e-07,7e-12
1q_mult,PROGRAM,1.8,5.0,0.0,1.8,1.8,1e-07,1e-07,6e-08,6e-08,5e-08,1e-07,5e-08,5e-08,5e-08,6.999999999999999e-08,2.041e-07,4.6575e-12
1q_mult,ERASE,1.8,5.0,5.0,1.8,1.8,1e-07,1e-07,6e-08,6e-08,5e-08,1e-07,5e-08,5e-08,5e-08,7.5e-08,1.098e-05,1.5e-10
1q_mult,PROGRAM,1.8,5.0,0.0,1.8,1.8,1e-07,1e-07,6e-08,6e-08,5e-08,1e-07,5e-08,5e-08,5e-08,7.5e-08,3.52e-07,2.094e-12
1q_mult,ERASE,1.8,5.0,5.0,1.8,1.8,1e-07,1e-07,6e-08,6e-08,5e-08,1e-07,5e-08,5e-08,5e-08,8e-08,6.375e-06,6.396e-06
1q_mult,PROGRAM,1.8,5.0,0.0,1.8,1.8,1e-07,1e-07,6e-08,6e-08,5e-08,1e-07,5e-08,5e-08,5e-08,8e-08,4.9015e-07,8.2945e-11
1q_mult,ERASE,1.8,5.0,5.0,1.8,1.8,1e-07,1e-07,6e-08,6e-08,5e-08,1e-07,5e-08,5e-08,5e-08,8.5e-08,1.1175e-05,3.885e-11
1q_mult,PROGRAM,1.8,5.0,0.0,1.8,1.8,1e-07,1e-07,6e-08,6e-08,5e-08,1e-07,5e-08,5e-08,5e-08,8.5e-08,5.0285e-07,6.985e-11
1q_mult,ERASE,1.8,5.0,5.0,1.8,1.8,1e-07,1e-07,6e-08,6e-08,5e-08,1e-07,5e-08,5e-08,5e-08,9e-08,1.1125e-05,2.1505e-11
1q_mult,PROGRAM,1.8,5.0,0.0,1.8,1.8,1e-07,1e-07,6e-08,6e-08,5e-08,1e-07,5e-08,5e-08,5e-08,9e-08,1.1345e-06,1.015e-10
1q_mult,ERASE,1.8,5.0,5.0,1.8,1.8,1e-07,1e-07,6e-08,6e-08,5e-08,1e-07,5e-08,5e-08,5e-08,9.499999999999999e-08,3.748e-06,4.917e-10
1q_mult,PROGRAM,1.8,5.0,0.0,1.8,1.8,1e-07,1e-07,6e-08,6e-08,5e-08,1e-07,5e-08,5e-08,5e-08,9.499999999999999e-08,5.1995e-06,1.5015e-10
1q_mult,ERASE,1.8,5.0,5.0,1.8,1.8,1e-07,1e-07,6e-08,6e-08,5e-08,1e-07,5e-08,5e-08,5e-08,1e-07,1.105e-05,4.24e-10
1q_mult,PROGRAM,1.8,5.0,0.0,1.8,1.8,1e-07,1e-07,6e-08,6e-08,5e-08,1e-07,5e-08,5e-08,5e-08,1e-07,1.061e-05,2.98e-10
1q_mult,ERASE,1.8,5.0,5.0,1.8,1.8,1e-07,1e-07,8e-08,8e-08,5e-08,1e-07,5e-08,5e-08,5e-08,0.0,6.3905e-06,6.3995e-06
1q_mult,PROGRAM,1.8,5.0,0.0,1.8,1.8,1e-07,1e-07,8e-08,8e-08,5e-08,1e-07,5e-08,5e-08,5e-08,0.0,6.392e-06,6.3925e-06
1q_mult,ERASE,1.8,5.0,5.0,1.8,1.8,1e-07,1e-07,8e-08,8e-08,5e-08,1e-07,5e-08,5e-08,5e-08,4.9999999999999985e-09,6.3635e-06,6.365e-06
1q_mult,PROGRAM,1.8,5.0,0.0,1.8,1.8,1e-07,1e-07,8e-08,8e-08,5e-08,1e-07,5e-08,5e-08,5e-08,4.9999999999999985e-09,8.5095e-08,1.2595e-12
1q_mult,ERASE,1.8,5.0,5.0,1.8,1.8,1e-07,1e-07,8e-08,8e-08,5e-08,1e-07,5e-08,5e-08,5e-08,9.999999999999997e-09,6.391e-06,6.395e-06
1q_mult,PROGRAM,1.8,5.0,0.0,1.8,1.8,1e-07,1e-07,8e-08,8e-08,5e-08,1e-07,5e-08,5e-08,5e-08,9.999999999999997e-09,8.595e-08,1.9395e-12
1q_mult,ERASE,1.8,5.0,5.0,1.8,1.8,1e-07,1e-07,8e-08,8e-08,5e-08,1e-07,5e-08,5e-08,5e-08,1.5000000000000002e-08,6.401e-06,6.408e-06
1q_mult,PROGRAM,1.8,5.0,0.0,1.8,1.8,1e-07,1e-07,8e-08,8e-08,5e-08,1e-07,5e-08,5e-08,5e-08,1.5000000000000002e-08,8.874e-08,1.31e-12
1q_mult,ERASE,1.8,5.0,5.0,1.8,1.8,1e-07,1e-07,8e-08,8e-08,5e-08,1e-07,5e-08,5e-08,5e-08,2e-08,6.4e-06,6.405e-06
1q_mult,PROGRAM,1.8,5.0,0.0,1.8,1.8,1e-07,1e-07,8e-08,8e-08,5e-08,1e-07,5e-08,5e-08,5e-08,2e-08,9.579e-08,1.5405e-12
1q_mult,ERASE,1.8,5.0,5.0,1.8,1.8,1e-07,1e-07,8e-08,8e-08,5e-08,1e-07,5e-08,5e-08,5e-08,2.5e-08,6.4075e-06,6.4215e-06
1q_mult,PROGRAM,1.8,5.0,0.0,1.8,1.8,1e-07,1e-07,8e-08,8e-08,5e-08,1e-07,5e-08,5e-08,5e-08,2.5e-08,1.004e-07,9.795e-13
1q_mult,ERASE,1.8,5.0,5.0,1.8,1.8,1e-07,1e-07,8e-08,8e-08,5e-08,1e-07,5e-08,5e-08,5e-08,3e-08,6.4125e-06,6.4095e-06
1q_mult,PROGRAM,1.8,5.0,0.0,1.8,1.8,1e-07,1e-07,8e-08,8e-08,5e-08,1e-07,5e-08,5e-08,5e-08,3e-08,1.118e-07,1.7375e-12
1q_mult,ERASE,1.8,5.0,5.0,1.8,1.8,1e-07,1e-07,8e-08,8e-08,5e-08,1e-07,5e-08,5e-08,5e-08,3.4999999999999996e-08,6.4305e-06,6.4255e-06
1q_mult,PROGRAM,1.8,5.0,0.0,1.8,1.8,1e-07,1e-07,8e-08,8e-08,5e-08,1e-07,5e-08,5e-08,5e-08,3.4999999999999996e-08,1.186e-07,1.5845e-12
1q_mult,ERASE,1.8,5.0,5.0,1.8,1.8,1e-07,1e-07,8e-08,8e-08,5e-08,1e-07,5e-08,5e-08,5e-08,4e-08,6.427e-06,6.4295e-06
1q_mult,PROGRAM,1.8,5.0,0.0,1.8,1.8,1e-07,1e-07,8e-08,8e-08,5e-08,1e-07,5e-08,5e-08,5e-08,4e-08,1.307e-07,1.2215e-12
1q_mult,ERASE,1.8,5.0,5.0,1.8,1.8,1e-07,1e-07,8e-08,8e-08,5e-08,1e-07,5e-08,5e-08,5e-08,4.5e-08,6.393e-06,6.409e-06
1q_mult,PROGRAM,1.8,5.0,0.0,1.8,1.8,1e-07,1e-07,8e-08,8e-08,5e-08,1e-07,5e-08,5e-08,5e-08,4.5e-08,6.407e-06,5.141e-06
1q_mult,ERASE,1.8,5.0,5.0,1.8,1.8,1e-07,1e-07,8e-08,8e-08,5e-08,1e-07,5e-08,5e-08,5e-08,5e-08,6.401e-06,6.4025e-06
1q_mult,PROGRAM,1.8,5.0,0.0,1.8,1.8,1e-07,1e-07,8e-08,8e-08,5e-08,1e-07,5e-08,5e-08,5e-08,5e-08,6.3995e-06,1.8205e-12
1q_mult,ERASE,1.8,5.0,5.0,1.8,1.8,1e-07,1e-07,8e-08,8e-08,5e-08,1e-07,5e-08,5e-08,5e-08,5.5e-08,6.3955e-06,6.391e-06
1q_mult,PROGRAM,1.8,5.0,0.0,1.8,1.8,1e-07,1e-07,8e-08,8e-08,5e-08,1e-07,5e-08,5e-08,5e-08,5.5e-08,1.713e-07,1.215e-12
1q_mult,ERASE,1.8,5.0,5.0,1.8,1.8,1e-07,1e-07,8e-08,8e-08,5e-08,1e-07,5e-08,5e-08,5e-08,6e-08,6.409e-06,6.3865e-06
1q_mult,PROGRAM,1.8,5.0,0.0,1.8,1.8,1e-07,1e-07,8e-08,8e-08,5e-08,1e-07,5e-08,5e-08,5e-08,6e-08,1.944e-07,2.1775e-12
1q_mult,ERASE,1.8,5.0,5.0,1.8,1.8,1e-07,1e-07,8e-08,8e-08,5e-08,1e-07,5e-08,5e-08,5e-08,6.5e-08,6.41e-06,6.415e-06
1q_mult,PROGRAM,1.8,5.0,0.0,1.8,1.8,1e-07,1e-07,8e-08,8e-08,5e-08,1e-07,5e-08,5e-08,5e-08,6.5e-08,2.252e-07,2.0505e-12
1q_mult,ERASE,1.8,5.0,5.0,1.8,1.8,1e-07,1e-07,8e-08,8e-08,5e-08,1e-07,5e-08,5e-08,5e-08,6.999999999999999e-08,6.3765e-06,6.376e-06
1q_mult,PROGRAM,1.8,5.0,0.0,1.8,1.8,1e-07,1e-07,8e-08,8e-08,5e-08,1e-07,5e-08,5e-08,5e-08,6.999999999999999e-08,2.5315e-06,1.6435e-11
1q_mult,ERASE,1.8,5.0,5.0,1.8,1.8,1e-07,1e-07,8e-08,8e-08,5e-08,1e-07,5e-08,5e-08,5e-08,7.5e-08,1.1135e-05,1.142e-11
1q_mult,PROGRAM,1.8,5.0,0.0,1.8,1.8,1e-07,1e-07,8e-08,8e-08,5e-08,1e-07,5e-08,5e-08,5e-08,7.5e-08,3.3085e-07,4.875e-11
1q_mult,ERASE,1.8,5.0,5.0,1.8,1.8,1e-07,1e-07,8e-08,8e-08,5e-08,1e-07,5e-08,5e-08,5e-08,8e-08,7.605e-06,6.65e-12
1q_mult,PROGRAM,1.8,5.0,0.0,1.8,1.8,1e-07,1e-07,8e-08,8e-08,5e-08,1e-07,5e-08,5e-08,5e-08,8e-08,4.455e-07,7.7005e-11
1q_mult,ERASE,1.8,5.0,5.0,1.8,1.8,1e-07,1e-07,8e-08,8e-08,5e-08,1e-07,5e-08,5e-08,5e-08,8.5e-08,1.109e-05,-1e-12
1q_mult,PROGRAM,1.8,5.0,0.0,1.8,1.8,1e-07,1e-07,8e-08,8e-08,5e-08,1e-07,5e-08,5e-08,5e-08,8.5e-08,6.375e-07,6.3135e-11
1q_mult,ERASE,1.8,5.0,5.0,1.8,1.8,1e-07,1e-07,8e-08,8e-08,5e-08,1e-07,5e-08,5e-08,5e-08,9e-08,1.113e-05,3.549e-09
1q_mult,PROGRAM,1.8,5.0,0.0,1.8,1.8,1e-07,1e-07,8e-08,8e-08,5e-08,1e-07,5e-08,5e-08,5e-08,9e-08,1.216e-06,2.483e-11
1q_mult,ERASE,1.8,5.0,5.0,1.8,1.8,1e-07,1e-07,8e-08,8e-08,5e-08,1e-07,5e-08,5e-08,5e-08,9.499999999999999e-08,2.9185e-06,6.5e-10
1q_mult,PROGRAM,1.8,5.0,0.0,1.8,1.8,1e-07,1e-07,8e-08,8e-08,5e-08,1e-07,5e-08,5e-08,5e-08,9.499999999999999e-08,6.825e-06,9.0805e-11
1q_mult,ERASE,1.8,5.0,5.0,1.8,1.8,1e-07,1e-07,8e-08,8e-08,5e-08,1e-07,5e-08,5e-08,5e-08,1e-07,9.932e-07,4.5e-10
1q_mult,PROGRAM,1.8,5.0,0.0,1.8,1.8,1e-07,1e-07,8e-08,8e-08,5e-08,1e-07,5e-08,5e-08,5e-08,1e-07,1.0635e-05,3.85e-12
1q_mult,ERASE,1.8,5.0,5.0,1.8,1.8,1e-07,1e-07,1e-07,1e-07,5e-08,1e-07,5e-08,5e-08,5e-08,0.0,6.329e-06,6.3225e-06
1q_mult,PROGRAM,1.8,5.0,0.0,1.8,1.8,1e-07,1e-07,1e-07,1e-07,5e-08,1e-07,5e-08,5e-08,5e-08,0.0,1.109e-07,-1.185e-12
1q_mult,ERASE,1.8,5.0,5.0,1.8,1.8,1e-07,1e-07,1e-07,1e-07,5e-08,1e-07,5e-08,5e-08,5e-08,4.9999999999999985e-09,6.362e-06,6.3655e-06
1q_mult,PROGRAM,1.8,5.0,0.0,1.8,1.8,1e-07,1e-07,1e-07,1e-07,5e-08,1e-07,5e-08,5e-08,5e-08,4.9999999999999985e-09,1.0765e-07,1.3615e-12
1q_mult,ERASE,1.8,5.0,5.0,1.8,1.8,1e-07,1e-07,1e-07,1e-07,5e-08,1e-07,5e-08,5e-08,5e-08,9.999999999999997e-09,6.391e-06,6.388e-06
1q_mult,PROGRAM,1.8,5.0,0.0,1.8,1.8,1e-07,1e-07,1e-07,1e-07,5e-08,1e-07,5e-08,5e-08,5e-08,9.999999999999997e-09,1.509e-07,1.5005e-12
1q_mult,ERASE,1.8,5.0,5.0,1.8,1.8,1e-07,1e-07,1e-07,1e-07,5e-08,1e-07,5e-08,5e-08,5e-08,1.5000000000000002e-08,6.441e-06,6.42e-06
1q_mult,PROGRAM,1.8,5.0,0.0,1.8,1.8,1e-07,1e-07,1e-07,1e-07,5e-08,1e-07,5e-08,5e-08,5e-08,1.5000000000000002e-08,6.75e-08,1.3775e-12
1q_mult,ERASE,1.8,5.0,5.0,1.8,1.8,1e-07,1e-07,1e-07,1e-07,5e-08,1e-07,5e-08,5e-08,5e-08,2e-08,6.389e-06,6.3885e-06
1q_mult,PROGRAM,1.8,5.0,0.0,1.8,1.8,1e-07,1e-07,1e-07,1e-07,5e-08,1e-07,5e-08,5e-08,5e-08,2e-08,1.262e-07,1.0625e-12
1q_mult,ERASE,1.8,5.0,5.0,1.8,1.8,1e-07,1e-07,1e-07,1e-07,5e-08,1e-07,5e-08,5e-08,5e-08,2.5e-08,6.414e-06,6.4035e-06
1q_mult,PROGRAM,1.8,5.0,0.0,1.8,1.8,1e-07,1e-07,1e-07,1e-07,5e-08,1e-07,5e-08,5e-08,5e-08,2.5e-08,5.6195e-06,1.4415e-12
1q_mult,ERASE,1.8,5.0,5.0,1.8,1.8,1e-07,1e-07,1e-07,1e-07,5e-08,1e-07,5e-08,5e-08,5e-08,3e-08,6.441e-06,6.412e-06
1q_mult,PROGRAM,1.8,5.0,0.0,1.8,1.8,1e-07,1e-07,1e-07,1e-07,5e-08,1e-07,5e-08,5e-08,5e-08,3e-08,1.362e-07,1.57e-12
1q_mult,ERASE,1.8,5.0,5.0,1.8,1.8,1e-07,1e-07,1e-07,1e-07,5e-08,1e-07,5e-08,5e-08,5e-08,3.4999999999999996e-08,6.38e-06,6.396e-06
1q_mult,PROGRAM,1.8,5.0,0.0,1.8,1.8,1e-07,1e-07,1e-07,1e-07,5e-08,1e-07,5e-08,5e-08,5e-08,3.4999999999999996e-08,1.634e-07,1.6575e-12
1q_mult,ERASE,1.8,5.0,5.0,1.8,1.8,1e-07,1e-07,1e-07,1e-07,5e-08,1e-07,5e-08,5e-08,5e-08,4e-08,6.399e-06,6.4125e-06
1q_mult,PROGRAM,1.8,5.0,0.0,1.8,1.8,1e-07,1e-07,1e-07,1e-07,5e-08,1e-07,5e-08,5e-08,5e-08,4e-08,1.5795e-07,1.3485e-12
1q_mult,ERASE,1.8,5.0,5.0,1.8,1.8,1e-07,1e-07,1e-07,1e-07,5e-08,1e-07,5e-08,5e-08,5e-08,4.5e-08,6.3965e-06,6.3935e-06
1q_mult,PROGRAM,1.8,5.0,0.0,1.8,1.8,1e-07,1e-07,1e-07,1e-07,5e-08,1e-07,5e-08,5e-08,5e-08,4.5e-08,1.7515e-07,1.361e-12
1q_mult,ERASE,1.8,5.0,5.0,1.8,1.8,1e-07,1e-07,1e-07,1e-07,5e-08,1e-07,5e-08,5e-08,5e-08,5e-08,6.3965e-06,6.3975e-06
1q_mult,PROGRAM,1.8,5.0,0.0,1.8,1.8,1e-07,1e-07,1e-07,1e-07,5e-08,1e-07,5e-08,5e-08,5e-08,5e-08,1.907e-07,1.7685e-12
1q_mult,ERASE,1.8,5.0,5.0,1.8,1.8,1e-07,1e-07,1e-07,1e-07,5e-08,1e-07,5e-08,5e-08,5e-08,5.5e-08,6.395e-06,6.349e-06
1q_mult,PROGRAM,1.8,5.0,0.0,1.8,1.8,1e-07,1e-07,1e-07,1e-07,5e-08,1e-07,5e-08,5e-08,5e-08,5.5e-08,2.9995e-07,1.598e-12
1q_mult,ERASE,1.8,5.0,5.0,1.8,1.8,1e-07,1e-07,1e-07,1e-07,5e-08,1e-07,5e-08,5e-08,5e-08,6e-08,6.659e-06,6.392e-06
1q_mult,PROGRAM,1.8,5.0,0.0,1.8,1.8,1e-07,1e-07,1e-07,1e-07,5e-08,1e-07,5e-08,5e-08,5e-08,6e-08,2.3775e-07,2.058e-12
1q_mult,ERASE,1.8,5.0,5.0,1.8,1.8,1e-07,1e-07,1e-07,1e-07,5e-08,1e-07,5e-08,5e-08,5e-08,6.5e-08,6.3895e-06,6.3845e-06
1q_mult,PROGRAM,1.8,5.0,0.0,1.8,1.8,1e-07,1e-07,1e-07,1e-07,5e-08,1e-07,5e-08,5e-08,5e-08,6.5e-08,2.7865e-07,2.1085e-12
1q_mult,ERASE,1.8,5.0,5.0,1.8,1.8,1e-07,1e-07,1e-07,1e-07,5e-08,1e-07,5e-08,5e-08,5e-08,6.999999999999999e-08,1.116e-05,4.685e-11
1q_mult,PROGRAM,1.8,5.0,0.0,1.8,1.8,1e-07,1e-07,1e-07,1e-07,5e-08,1e-07,5e-08,5e-08,5e-08,6.999999999999999e-08,3.322e-07,1.7235e-11
1q_mult,ERASE,1.8,5.0,5.0,1.8,1.8,1e-07,1e-07,1e-07,1e-07,5e-08,1e-07,5e-08,5e-08,5e-08,7.5e-08,1.111e-05,-2.5e-09
1q_mult,PROGRAM,1.8,5.0,0.0,1.8,1.8,1e-07,1e-07,1e-07,1e-07,5e-08,1e-07,5e-08,5e-08,5e-08,7.5e-08,4.9355e-07,1.483e-12
1q_mult,ERASE,1.8,5.0,5.0,1.8,1.8,1e-07,1e-07,1e-07,1e-07,5e-08,1e-07,5e-08,5e-08,5e-08,8e-08,1.1025e-05,9.5e-11
1q_mult,PROGRAM,1.8,5.0,0.0,1.8,1.8,1e-07,1e-07,1e-07,1e-07,5e-08,1e-07,5e-08,5e-08,5e-08,8e-08,5.793e-07,1.4945e-12
1q_mult,ERASE,1.8,5.0,5.0,1.8,1.8,1e-07,1e-07,1e-07,1e-07,5e-08,1e-07,5e-08,5e-08,5e-08,8.5e-08,1.0315e-05,6.2725e-07
1q_mult,PROGRAM,1.8,5.0,0.0,1.8,1.8,1e-07,1e-07,1e-07,1e-07,5e-08,1e-07,5e-08,5e-08,5e-08,8.5e-08,8.6885e-07,1.795e-12
1q_mult,ERASE,1.8,5.0,5.0,1.8,1.8,1e-07,1e-07,1e-07,1e-07,5e-08,1e-07,5e-08,5e-08,5e-08,9e-08,1.104e-05,-8e-13
1q_mult,PROGRAM,1.8,5.0,0.0,1.8,1.8,1e-07,1e-07,1e-07,1e-07,5e-08,1e-07,5e-08,5e-08,5e-08,9e-08,1.7475e-06,1.533e-12
1q_mult,ERASE,1.8,5.0,5.0,1.8,1.8,1e-07,1e-07,1e-07,1e-07,5e-08,1e-07,5e-08,5e-08,5e-08,9.499999999999999e-08,3.0005e-06,6.7375e-10
1q_mult,PROGRAM,1.8,5.0,0.0,1.8,1.8,1e-07,1e-07,1e-07,1e-07,5e-08,1e-07,5e-08,5e-08,5e-08,9.499999999999999e-08,9.234e-06,8.93e-11
1q_mult,ERASE,1.8,5.0,5.0,1.8,1.8,1e-07,1e-07,1e-07,1e-07,5e-08,1e-07,5e-08,5e-08,5e-08,1e-07,1.102e-05,2.557e-12
1q_mult,PROGRAM,1.8,5.0,0.0,1.8,1.8,1e-07,1e-07,1e-07,1e-07,5e-08,1e-07,5e-08,5e-08,5e-08,1e-07,1.081e-05,3.8945e-12
1q_div,ERASE,1.8,5.0,5.0,1.8,1.8,1e-07,1e-07,1e-07,1e-07,5e-08,1e-07,5e-08,5e-08,0.0,5e-08,6.346e-06,6.3515e-06
1q_div,PROGRAM,1.8,5.0,0.0,1.8,1.8,1e-07,1e-07,1e-07,1e-07,5e-08,1e-07,5e-08,5e-08,0.0,5e-08,1.542e-12,1.464e-12
1q_div,ERASE,1.8,5.0,5.0,1.8,1.8,1e-07,1e-07,1e-07,1e-07,5e-08,1e-07,5e-08,5e-08,4.9999999999999985e-09,5e-08,6.4375e-06,6.4425e-06
1q_div,PROGRAM,1.8,5.0,0.0,1.8,1.8,1e-07,1e-07,1e-07,1e-07,5e-08,1e-07,5e-08,5e-08,4.9999999999999985e-09,5e-08,8e-06,1.459e-12
1q_div,ERASE,1.8,5.0,5.0,1.8,1.8,1e-07,1e-07,1e-07,1e-07,5e-08,1e-07,5e-08,5e-08,9.999999999999997e-09,5e-08,6.436e-06,6.4365e-06
1q_div,PROGRAM,1.8,5.0,0.0,1.8,1.8,1e-07,1e-07,1e-07,1e-07,5e-08,1e-07,5e-08,5e-08,9.999999999999997e-09,5e-08,9.958e-06,1.3945e-12
1q_div,ERASE,1.8,5.0,5.0,1.8,1.8,1e-07,1e-07,1e-07,1e-07,5e-08,1e-07,5e-08,5e-08,1.5000000000000002e-08,5e-08,6.3515e-06,6.354e-06
1q_div,PROGRAM,1.8,5.0,0.0,1.8,1.8,1e-07,1e-07,1e-07,1e-07,5e-08,1e-07,5e-08,5e-08,1.5000000000000002e-08,5e-08,1.0075e-05,1.3435e-12
1q_div,ERASE,1.8,5.0,5.0,1.8,1.8,1e-07,1e-07,1e-07,1e-07,5e-08,1e-07,5e-08,5e-08,2e-08,5e-08,6.3425e-06,6.342e-06
1q_div,PROGRAM,1.8,5.0,0.0,1.8,1.8,1e-07,1e-07,1e-07,1e-07,5e-08,1e-07,5e-08,5e-08,2e-08,5e-08,5.6455e-06,1.439e-12
1q_div,ERASE,1.8,5.0,5.0,1.8,1.8,1e-07,1e-07,1e-07,1e-07,5e-08,1e-07,5e-08,5e-08,2.5e-08,5e-08,6.391e-06,6.3965e-06
1q_div,PROGRAM,1.8,5.0,0.0,1.8,1.8,1e-07,1e-07,1e-07,1e-07,5e-08,1e-07,5e-08,5e-08,2.5e-08,5e-08,6.3895e-06,4.0025e-06
1q_div,ERASE,1.8,5.0,5.0,1.8,1.8,1e-07,1e-07,1e-07,1e-07,5e-08,1e-07,5e-08,5e-08,3e-08,5e-08,6.3855e-06,6.3895e-06
1q_div,PROGRAM,1.8,5.0,0.0,1.8,1.8,1e-07,1e-07,1e-07,1e-07,5e-08,1e-07,5e-08,5e-08,3e-08,5e-08,6.3895e-06,1.287e-12
1q_div,ERASE,1.8,5.0,5.0,1.8,1.8,1e-07,1e-07,1e-07,1e-07,5e-08,1e-07,5e-08,5e-08,3.4999999999999996e-08,5e-08,6.411e-06,6.413e-06
1q_div,PROGRAM,1.8,5.0,0.0,1.8,1.8,1e-07,1e-07,1e-07,1e-07,5e-08,1e-07,5e-08,5e-08,3.4999999999999996e-08,5e-08,2.785e-07,9.42e-13
1q_div,ERASE,1.8,5.0,5.0,1.8,1.8,1e-07,1e-07,1e-07,1e-07,5e-08,1e-07,5e-08,5e-08,4e-08,5e-08,6.431e-06,6.43e-06
1q_div,PROGRAM,1.8,5.0,0.0,1.8,1.8,1e-07,1e-07,1e-07,1e-07,5e-08,1e-07,5e-08,5e-08,4e-08,5e-08,2.351e-07,1.4615e-12
1q_div,ERASE,1.8,5.0,5.0,1.8,1.8,1e-07,1e-07,1e-07,1e-07,5e-08,1e-07,5e-08,5e-08,4.5e-08,5e-08,6.4405e-06,6.4415e-06
1q_div,PROGRAM,1.8,5.0,0.0,1.8,1.8,1e-07,1e-07,1e-07,1e-07,5e-08,1e-07,5e-08,5e-08,4.5e-08,5e-08,2.123e-07,7.645e-13
1q_div,ERASE,1.8,5.0,5.0,1.8,1.8,1e-07,1e-07,1e-07,1e-07,5e-08,1e-07,5e-08,5e-08,5e-08,5e-08,6.442e-06,6.442e-06
1q_div,PROGRAM,1.8,5.0,0.0,1.8,1.8,1e-07,1e-07,1e-07,1e-07,5e-08,1e-07,5e-08,5e-08,5e-08,5e-08,1.93e-07,1.334e-12
1q_div,ERASE,1.8,5.0,5.0,1.8,1.8,1e-07,1e-07,1e-07,1e-07,5e-08,1e-07,5e-08,5e-08,5.5e-08,5e-08,6.62e-06,6.627e-06
1q_div,PROGRAM,1.8,5.0,0.0,1.8,1.8,1e-07,1e-07,1e-07,1e-07,5e-08,1e-07,5e-08,5e-08,5.5e-08,5e-08,1.4745e-07,1.3615e-12
1q_div,ERASE,1.8,5.0,5.0,1.8,1.8,1e-07,1e-07,1e-07,1e-07,5e-08,1e-07,5e-08,5e-08,6e-08,5e-08,6.6255e-06,6.6275e-06
1q_div,PROGRAM,1.8,5.0,0.0,1.8,1.8,1e-07,1e-07,1e-07,1e-07,5e-08,1e-07,5e-08,5e-08,6e-08,5e-08,1.291e-07,1.334e-12
1q_div,ERASE,1.8,5.0,5.0,1.8,1.8,1e-07,1e-07,1e-07,1e-07,5e-08,1e-07,5e-08,5e-08,6.5e-08,5e-08,6.622e-06,6.626e-06
1q_div,PROGRAM,1.8,5.0,0.0,1.8,1.8,1e-07,1e-07,1e-07,1e-07,5e-08,1e-07,5e-08,5e-08,6.5e-08,5e-08,1.205e-07,1.3835e-12
1q_div,ERASE,1.8,5.0,5.0,1.8,1.8,1e-07,1e-07,1e-07,1e-07,5e-08,1e-07,5e-08,5e-08,6.999999999999999e-08,5e-08,6.5995e-06,6.6005e-06
1q_div,PROGRAM,1.8,5.0,0.0,1.8,1.8,1e-07,1e-07,1e-07,1e-07,5e-08,1e-07,5e-08,5e-08,6.999999999999999e-08,5e-08,1.5945e-07,1.3135e-12
1q_div,ERASE,1.8,5.0,5.0,1.8,1.8,1e-07,1e-07,1e-07,1e-07,5e-08,1e-07,5e-08,5e-08,7.5e-08,5e-08,6.6155e-06,6.6045e-06
1q_div,PROGRAM,1.8,5.0,0.0,1.8,1.8,1e-07,1e-07,1e-07,1e-07,5e-08,1e-07,5e-08,5e-08,7.5e-08,5e-08,1.2145e-07,1.359e-12
1q_div,ERASE,1.8,5.0,5.0,1.8,1.8,1e-07,1e-07,1e-07,1e-07,5e-08,1e-07,5e-08,5e-08,8e-08,5e-08,6.4305e-06,6.431e-06
1q_div,PROGRAM,1.8,5.0,0.0,1.8,1.8,1e-07,1e-07,1e-07,1e-07,5e-08,1e-07,5e-08,5e-08,8e-08,5e-08,1.767e-07,1.3305e-12
1q_div,ERASE,1.8,5.0,5.0,1.8,1.8,1e-07,1e-07,1e-07,1e-07,5e-08,1e-07,5e-08,5e-08,8.5e-08,5e-08,1.5415e-07,6.365e-06
1q_div,PROGRAM,1.8,5.0,0.0,1.8,1.8,1e-07,1e-07,1e-07,1e-07,5e-08,1e-07,5e-08,5e-08,8.5e-08,5e-08,1.54e-07,1.2985e-12
1q_div,ERASE,1.8,5.0,5.0,1.8,1.8,1e-07,1e-07,1e-07,1e-07,5e-08,1e-07,5e-08,5e-08,9e-08,5e-08,6.3555e-06,6.356e-06
1q_div,PROGRAM,1.8,5.0,0.0,1.8,1.8,1e-07,1e-07,1e-07,1e-07,5e-08,1e-07,5e-08,5e-08,9e-08,5e-08,1.5105e-07,1.35e-12
1q_div,ERASE,1.8,5.0,5.0,1.8,1.8,1e-07,1e-07,1e-07,1e-07,5e-08,1e-07,5e-08,5e-08,9.499999999999999e-08,5e-08,6.3535e-06,6.3555e-06
1q_div,PROGRAM,1.8,5.0,0.0,1.8,1.8,1e-07,1e-07,1e-07,1e-07,5e-08,1e-07,5e-08,5e-08,9.499999999999999e-08,5e-08,1.483e-07,1.3455e-12
1q_div,ERASE,1.8,5.0,5.0,1.8,1.8,1e-07,1e-07,1e-07,1e-07,5e-08,1e-07,5e-08,5e-08,1e-07,5e-08,6.3465e-06,6.3485e-06
1q_div,PROGRAM,1.8,5.0,0.0,1.8,1.8,1e-07,1e-07,1e-07,1e-07,5e-08,1e-07,5e-08,5e-08,1e-07,5e-08,1.4625e-07,1.793e-12
